Lifespan,partType,microstructure,coolingRate,quenchTime,forgeTime,HeatTreatTime,Nickel%,Iron%,Cobalt%,Chromium%,smallDefects,largeDefects,sliverDefects,seedLocation,castType
1469.17,Nozzle,equiGrain,13,3.84,6.47,46.87,65.73,16.52,16.82,0.93,10,0,0,Bottom,Die
1793.64,Block,singleGrain,19,2.62,3.48,44.7,54.22,35.38,6.14,4.26,19,0,0,Bottom,Investment
700.6,Blade,equiGrain,28,0.76,1.34,9.54,51.83,35.95,8.81,3.41,35,3,0,Bottom,Investment
1082.1,Nozzle,colGrain,9,2.01,2.19,20.29,57.03,23.33,16.86,2.78,0,1,0,Top,Continuous
1838.83,Blade,colGrain,16,4.13,3.87,16.13,59.62,27.37,11.45,1.56,10,0,0,Top,Die
660.62,Valve,colGrain,28,4.45,3.82,18.11,50.3,33.3,12.45,3.95,21,4,0,Top,Investment
1835.46,Block,equiGrain,19,2.76,4.27,56.75,63.85,17.64,16.79,1.72,18,0,0,Bottom,Die
1522.8,Block,equiGrain,16,1.48,9.61,51.37,52.75,37.1,9.05,1.1,21,0,0,Bottom,Continuous
1347.72,Blade,equiGrain,21,1.41,4.17,53.76,58.88,20.39,16.03,4.7,24,1,0,Bottom,Continuous
985.79,Valve,colGrain,10,3.75,6.82,23.47,66.75,14.48,18.14,0.63,0,0,0,Bottom,Die
1798.12,Block,colGrain,17,1.5,2.99,55.8,59.24,25.32,11.84,3.6,4,0,0,Top,Die
1613.94,Block,colGrain,25,0.78,2.21,33.64,61.84,18.93,15.86,3.37,20,2,0,Bottom,Investment
876.87,Valve,equiGrain,5,3.08,3.16,5.71,69.6,17.83,11.07,1.5,0,0,0,Bottom,Investment
1515.77,Valve,colGrain,23,3.73,7.31,33.01,66.42,20.35,10.53,2.7,25,0,0,Bottom,Die
1037.13,Valve,colGrain,8,3.66,6.88,11.2,65.77,16.12,14.13,3.98,3,3,0,Bottom,Die
1578.46,Nozzle,equiGrain,18,4.63,2.5,22.1,52.56,41.48,5.23,0.73,14,0,0,Top,Die
1758.05,Block,equiGrain,19,3.98,4.43,52.76,69.75,22.46,6.5,1.29,33,3,0,Top,Continuous
1493.51,Valve,equiGrain,21,4.81,8.36,13.97,63.64,25.42,9.23,1.71,22,0,0,Bottom,Die
1071.16,Valve,colGrain,8,4.45,2.44,26.02,63.37,24.02,10.38,2.23,0,0,0,Bottom,Die
1048.46,Blade,equiGrain,10,0.63,5.79,7.43,65.74,22.63,9.75,1.88,0,0,0,Top,Die
1243.96,Valve,colGrain,19,4.77,8.35,56.92,51.03,32.34,12.99,3.64,31,0,0,Top,Investment
1370.25,Nozzle,singleGrain,11,2.78,1.3,51.41,68.68,17.64,12.32,1.36,9,0,0,Bottom,Die
1830.15,Blade,singleGrain,20,0.72,7.01,21.76,69.84,18.71,9.15,2.3,6,0,1,Top,Continuous
976.03,Blade,equiGrain,8,4.78,2.31,40.25,69.82,20.33,7.59,2.26,4,0,0,Top,Investment
1200.81,Valve,singleGrain,14,2.47,4.42,23.88,53.64,28.04,14.45,3.87,9,0,2,Bottom,Investment
1776.26,Blade,equiGrain,16,2.96,5.42,3.42,68.08,11.46,18.39,2.07,18,1,0,Bottom,Investment
1460.57,Block,singleGrain,24,4.87,6.73,11.47,68.04,16,14.72,1.24,34,0,6,Top,Die
1247.76,Nozzle,colGrain,30,2.95,1.97,29.01,61.8,23.73,11.6,2.87,19,0,0,Top,Investment
890.77,Blade,singleGrain,27,3.51,3.4,43.92,52.73,31.46,11.32,4.49,47,0,0,Top,Continuous
1612.05,Nozzle,colGrain,24,3.9,2.87,16.06,61.15,29.44,6.46,2.95,19,1,0,Bottom,Investment
1527.35,Nozzle,colGrain,14,3.4,5.35,15.39,69.24,8.8,17.42,4.54,12,0,0,Top,Investment
998.1,Valve,singleGrain,25,0.77,7.95,30.89,50.45,37.32,9.87,2.36,22,0,0,Bottom,Investment
1557.01,Valve,singleGrain,20,4.26,7.83,23.62,55.33,32.32,7.38,4.97,17,0,6,Top,Continuous
1750.33,Valve,colGrain,19,4.14,2.57,7.91,65.79,27.64,6,0.57,23,0,0,Top,Investment
1122.02,Blade,singleGrain,30,3.14,7.09,7.7,57.95,22.21,16.83,3.01,32,0,0,Top,Continuous
1149.17,Block,singleGrain,9,0.83,7.28,19.28,60.91,24.49,13.43,1.17,0,0,0,Top,Die
1572.68,Nozzle,colGrain,22,3.72,5.82,45.7,64.25,28.7,6.49,0.56,23,0,0,Bottom,Continuous
1683.43,Block,singleGrain,23,3.21,1.53,32.57,58.96,19.53,18.05,3.46,27,0,0,Bottom,Die
1832.44,Valve,singleGrain,19,2.39,5.44,36.3,61.5,28.33,8.87,1.3,17,0,0,Bottom,Die
1077.48,Blade,equiGrain,28,2.81,8.72,11.46,66.59,14.25,14.47,4.69,28,2,0,Bottom,Investment
770.08,Valve,colGrain,28,2.3,2.13,38.63,54.12,35.03,9.01,1.84,25,1,0,Bottom,Investment
1807.75,Block,colGrain,18,3.13,6.22,4.51,57.09,30.44,10.58,1.89,29,0,0,Top,Investment
1156.98,Blade,equiGrain,24,3.26,5.33,47.96,50.91,24.93,19.81,4.35,25,0,0,Bottom,Continuous
1448.57,Block,equiGrain,21,2.36,6.24,9.02,56.73,27.24,14.88,1.15,31,0,0,Top,Die
1065.33,Block,singleGrain,9,4.39,4.87,58.63,62.67,22.71,12.17,2.45,0,0,0,Bottom,Die
1669.85,Nozzle,equiGrain,13,3.68,3.69,29.36,63.91,20.98,11.33,3.78,10,4,0,Bottom,Continuous
1114.05,Block,singleGrain,8,4.89,9.46,24.97,57.09,20.31,19.51,3.09,0,0,2,Top,Die
1577.28,Valve,equiGrain,18,4.9,6.73,50.05,68.84,15.88,14.29,0.99,10,4,0,Top,Die
543,Blade,equiGrain,7,1.07,2.69,44.11,50.73,27.1,17.29,4.88,4,4,0,Top,Continuous
1677.27,Valve,equiGrain,17,0.67,8.64,7.18,57.94,19.96,17.49,4.61,28,0,0,Top,Continuous
1375.14,Blade,colGrain,13,0.65,1.51,38.25,63.69,30.1,5.61,0.6,10,2,0,Bottom,Die
1687.86,Nozzle,equiGrain,21,4.07,4.49,35.8,62.14,19.75,13.6,4.51,20,2,0,Bottom,Continuous
1007.35,Valve,colGrain,26,0.77,9.5,22.51,62.32,29.07,7.17,1.44,27,4,0,Top,Continuous
1490.45,Block,equiGrain,14,4.73,2.45,21.58,55.27,27.12,13.17,4.44,12,2,0,Bottom,Continuous
1204,Nozzle,singleGrain,24,0.61,4.45,25.21,52.87,30.62,15.25,1.26,27,0,0,Bottom,Investment
1176.24,Block,singleGrain,13,2.27,6.49,37.7,51,30.37,16.88,1.75,7,0,1,Bottom,Die
742.53,Nozzle,singleGrain,29,1.74,9,57.93,57.97,26.4,14.75,0.88,15,0,2,Top,Die
1378.2,Valve,equiGrain,14,3.5,3.27,17.55,56.02,22.45,18.2,3.33,10,3,0,Bottom,Continuous
1462.39,Valve,equiGrain,15,3.62,5.63,47.56,66.6,19.66,10.55,3.19,9,0,0,Bottom,Investment
1465.45,Valve,equiGrain,23,2.8,7.49,44.27,64.03,17.13,14.99,3.85,27,2,0,Top,Die
1854.5,Blade,colGrain,18,3.41,8.14,12.8,69.84,9.06,18.07,3.03,7,0,0,Top,Die
1064.92,Blade,singleGrain,30,3.61,4.92,11.72,57.19,28.17,13.93,0.71,19,0,0,Top,Continuous
714.46,Blade,colGrain,5,4.94,9.54,16.17,51.54,38.62,6.12,3.72,3,2,0,Bottom,Investment
1425.67,Nozzle,singleGrain,12,4.65,6.66,1.16,68.66,14.43,15.52,1.39,1,0,0,Top,Die
1666.64,Nozzle,equiGrain,20,2.17,6.54,20.03,51.3,34.6,11.1,3,21,0,0,Bottom,Continuous
1408.39,Valve,equiGrain,20,1.38,7.98,49.51,52.97,28.85,14.96,3.22,20,3,0,Bottom,Die
1051.86,Nozzle,colGrain,6,0.78,1.4,4.29,62.08,28.5,6.88,2.54,0,0,0,Bottom,Investment
1258.89,Block,singleGrain,7,1.03,6.22,46.55,67.01,21.71,8.22,3.06,0,0,0,Top,Continuous
1042.71,Block,colGrain,29,4.77,4.63,58.34,68.9,15.82,11.42,3.86,25,0,0,Bottom,Die
1716.84,Blade,colGrain,20,0.67,2.87,38.65,57.75,28.23,11.15,2.87,35,3,0,Top,Investment
1419.27,Block,singleGrain,24,1.48,1.17,19.25,55.84,29.11,13.37,1.68,22,0,0,Bottom,Investment
1582.67,Nozzle,singleGrain,22,1.48,2.13,26.49,67.69,13.3,16.65,2.36,22,0,0,Bottom,Investment
713.16,Nozzle,singleGrain,26,0.82,7.37,23.79,52.24,26.97,18.98,1.81,31,0,4,Bottom,Investment
1112.83,Block,singleGrain,9,2.4,4.4,54.65,64.94,20.52,9.64,4.9,12,0,0,Top,Continuous
1983.69,Nozzle,singleGrain,16,0.71,7.68,3.77,63.54,22.48,10.84,3.14,16,0,0,Bottom,Continuous
980.98,Valve,singleGrain,7,2.94,1.77,1.14,58.95,18.91,19.64,2.5,0,0,0,Top,Continuous
983.97,Blade,equiGrain,11,4.92,1.51,47.42,50.86,29.88,17.53,1.73,13,0,0,Bottom,Investment
899.91,Block,singleGrain,6,0.84,9.76,36.92,55.48,30.41,12.99,1.12,19,0,0,Top,Investment
1684.5,Valve,colGrain,20,4.82,5.05,54.59,66.2,12.96,16.1,4.74,22,0,0,Top,Die
1043.52,Block,colGrain,26,4.12,1.44,46.47,69.83,24.3,5.25,0.62,33,0,0,Bottom,Investment
1910.31,Nozzle,equiGrain,17,4.76,3.84,25.16,69.59,20.93,7.78,1.7,11,0,0,Bottom,Continuous
1153.58,Nozzle,equiGrain,9,4.36,3.25,49.64,63.37,18.13,15.95,2.55,4,2,0,Top,Continuous
1916.84,Valve,singleGrain,18,2.86,4.97,18.38,66.32,12.44,18.47,2.77,17,0,0,Bottom,Die
777,Block,colGrain,26,4.32,9.49,29.18,51.14,32.7,11.18,4.98,26,4,0,Top,Die
1227.89,Block,singleGrain,26,3.35,5.47,2,69.11,10.18,16.63,4.08,33,0,0,Bottom,Die
1624.46,Nozzle,singleGrain,16,3.93,1.29,54.21,57.94,34.95,6.55,0.56,10,0,0,Top,Investment
1145.37,Blade,singleGrain,27,2.33,3.55,24.69,60.35,29.91,5.1,4.64,41,0,0,Bottom,Die
1094.54,Blade,singleGrain,25,1.4,9.8,33.01,51.17,29.03,17.82,1.98,29,0,0,Bottom,Die
1511.86,Valve,colGrain,15,1.87,1.31,14.76,62.39,21.87,13.38,2.36,7,0,0,Bottom,Continuous
955.52,Block,colGrain,26,1.93,3.46,2.89,53.46,34.33,9.12,3.09,36,0,0,Bottom,Investment
1517.96,Nozzle,equiGrain,14,1.87,4.5,30.65,57.89,22.31,16.02,3.78,9,0,0,Bottom,Investment
1348.49,Block,colGrain,25,2.73,7.9,51.55,58.19,34.03,7.01,0.77,23,0,0,Bottom,Investment
1130.39,Nozzle,singleGrain,21,2.37,8.65,49.03,52.8,30.64,15.89,0.67,39,0,0,Top,Die
1217.73,Block,colGrain,27,2.37,5.23,12.74,62.86,30.88,5.32,0.94,31,0,0,Bottom,Die
1234.9,Block,equiGrain,8,3.05,6.66,20.56,62.49,21.75,15.04,0.72,0,0,0,Top,Continuous
1090.71,Blade,colGrain,13,4.41,6.05,25.14,50.41,34.68,14.14,0.77,19,0,0,Top,Continuous
1242.36,Block,singleGrain,10,4.96,5.03,43.56,63.41,23.58,8.05,4.96,0,0,0,Top,Die
1518.99,Blade,equiGrain,15,2.43,3.26,36.47,66.85,10.39,18.15,4.61,0,1,0,Top,Die
953.67,Nozzle,singleGrain,5,4.67,9.07,16.13,56.07,27.91,14.67,1.35,5,0,0,Top,Die
875.63,Blade,colGrain,27,4.01,9.75,4.87,55.04,36.79,6.18,1.99,31,0,0,Bottom,Investment
850.7,Block,equiGrain,26,1.84,1.17,31.92,50.2,30.2,15.44,4.16,32,0,0,Bottom,Investment
1262.14,Block,colGrain,8,3.15,8.98,26.35,67.3,9.99,19.27,3.44,0,0,0,Bottom,Die
1025.26,Valve,colGrain,7,4.02,2.41,35.23,66.3,18.81,10.6,4.29,0,3,0,Top,Die
1386.71,Valve,equiGrain,24,0.83,1.93,47.3,66.87,17.43,12.75,2.95,26,3,0,Bottom,Continuous
1667.83,Nozzle,equiGrain,22,2.16,1.44,43.27,62.23,22.39,12.32,3.06,17,0,0,Bottom,Continuous
935.64,Block,colGrain,6,1.16,4.96,31.44,55.06,35.97,7.38,1.59,2,0,0,Bottom,Investment
1421.76,Nozzle,colGrain,12,3.84,6.09,43.51,56.91,33.38,8.24,1.47,10,0,0,Bottom,Continuous
1344.91,Nozzle,colGrain,11,4.52,2.76,34.96,56.35,23.62,19.34,0.69,9,0,0,Top,Die
1819.28,Block,singleGrain,22,4.61,5.97,42.04,62.38,23.19,11.36,3.07,26,0,0,Bottom,Continuous
878.09,Blade,equiGrain,27,3.7,1.79,59.76,66.2,17.76,11.56,4.48,35,0,0,Top,Investment
1104.9,Block,singleGrain,28,2.67,2.72,54.79,65.14,20.64,11.44,2.78,30,0,2,Bottom,Die
1088.02,Nozzle,equiGrain,14,2.59,9.36,31.62,51.6,37.62,9.22,1.56,12,4,0,Bottom,Investment
876.66,Valve,singleGrain,7,0.53,1.75,51.54,62.41,17.62,17.84,2.13,0,0,0,Top,Investment
1378.64,Block,equiGrain,25,0.66,3.65,2.05,69.53,15.09,13.03,2.35,33,4,0,Top,Die
935.77,Nozzle,singleGrain,7,4.05,9.87,57.12,67.68,19.39,8.43,4.5,2,0,0,Bottom,Investment
776.41,Valve,singleGrain,9,3.94,7.87,30.26,52.77,34.85,7.61,4.77,1,0,0,Bottom,Continuous
1545.1,Nozzle,equiGrain,23,3.41,4.94,24.55,61.96,16.99,16.1,4.95,22,1,0,Top,Investment
1824.1,Valve,equiGrain,19,4.88,7.89,9.84,59.72,25.35,12.08,2.85,21,0,0,Top,Die
1295.38,Block,singleGrain,30,4.55,4.13,49.99,65.01,19.93,12.86,2.2,28,0,0,Bottom,Continuous
1005.45,Block,colGrain,6,4.64,2.48,56.9,66.2,11.8,19.92,2.08,4,0,0,Bottom,Investment
1363.94,Nozzle,equiGrain,21,2.21,2.59,29.39,52.39,30.91,12.5,4.2,19,0,0,Top,Continuous
1065.34,Block,singleGrain,28,1.56,6.02,18.86,56.45,32.2,6.5,4.85,35,0,0,Top,Investment
1774.38,Nozzle,singleGrain,17,3.8,5.43,48,58.51,27.01,13.64,0.84,31,0,0,Top,Die
1166.46,Block,equiGrain,30,2.8,7.49,33.39,68.78,18.85,7.8,4.57,10,4,0,Top,Die
1004.56,Blade,equiGrain,8,2.83,5.7,28.24,68.84,10,19.99,1.17,1,4,0,Bottom,Continuous
1513.09,Block,equiGrain,25,2.57,4.48,15,55.65,25.15,17.12,2.08,30,0,0,Top,Continuous
1091.61,Nozzle,equiGrain,26,1.28,1.44,46.24,60.42,23.88,11.21,4.49,28,0,0,Bottom,Die
1494.91,Valve,singleGrain,21,1.68,1.68,17.99,58.12,23.26,15.12,3.5,32,0,0,Top,Continuous
1284.02,Valve,equiGrain,23,4.64,5.38,9.84,54.35,29.78,12.97,2.9,19,0,0,Bottom,Die
1045.46,Nozzle,colGrain,10,0.5,9.34,43.45,65.79,26.29,6.21,1.71,1,0,0,Bottom,Die
1563.82,Nozzle,singleGrain,12,4.71,9.36,45.52,62.88,21.47,11.21,4.44,10,0,0,Bottom,Die
1599.45,Blade,equiGrain,19,4.54,6.88,28.69,53.73,29.24,15.27,1.76,7,1,0,Top,Investment
926.8,Nozzle,equiGrain,9,0.85,5.73,48.82,68.46,12.91,17.56,1.07,5,0,0,Top,Die
1865.29,Block,equiGrain,19,4.27,9.79,7.76,69.62,18.78,8.82,2.78,17,4,0,Bottom,Investment
1346.09,Valve,colGrain,25,2.36,9.7,2.19,62.36,17.66,17.59,2.39,34,2,0,Top,Die
1568.27,Block,singleGrain,11,4.38,4.87,44.91,69.83,19.63,7.98,2.56,3,0,0,Top,Die
1562.88,Blade,singleGrain,24,4.64,5.84,22.29,59.6,32.72,6.15,1.53,24,0,0,Bottom,Continuous
1605.23,Block,equiGrain,21,1.15,5.17,42.46,68.76,21.22,7.18,2.84,29,3,0,Bottom,Continuous
921.39,Blade,colGrain,27,0.57,7.47,47.93,60.79,18.43,19.77,1.01,31,1,0,Bottom,Die
1238.9,Nozzle,equiGrain,28,2.3,5.66,31.74,69.59,20.31,6.19,3.91,20,0,0,Top,Continuous
971.77,Nozzle,equiGrain,8,4.69,2.08,57.08,61.06,18.4,17.85,2.69,0,0,0,Top,Die
957.98,Valve,equiGrain,28,4.19,3.66,3.87,60.73,23.26,14.19,1.82,45,2,0,Top,Investment
1071.53,Block,singleGrain,8,2.25,3.24,43.87,69.7,22.52,6.43,1.35,1,0,0,Bottom,Die
1110.43,Valve,singleGrain,25,4.52,8.02,43.95,53.41,31.31,13.91,1.37,21,0,0,Top,Die
1199.53,Valve,singleGrain,15,1.77,7.44,50.92,55.82,25,15.4,3.78,26,0,0,Top,Die
1548.15,Block,equiGrain,11,2.11,2.4,5.32,60.71,22.75,12.24,4.3,11,1,0,Bottom,Die
1583.46,Block,colGrain,12,4.25,9.78,45.85,60.22,27.75,7.29,4.74,7,0,0,Top,Continuous
1466.49,Block,singleGrain,21,1.48,7.37,52.15,61.92,24.2,9.85,4.03,23,0,5,Bottom,Investment
1302.71,Nozzle,colGrain,12,3.56,7.56,40.92,54.56,35.29,9.51,0.64,5,0,0,Bottom,Continuous
818.43,Blade,equiGrain,27,0.95,9.74,58.51,62.09,22.9,13.32,1.69,31,0,0,Bottom,Die
1421.28,Block,equiGrain,24,4.39,9.67,22.48,54.08,31.66,9.39,4.87,23,0,0,Bottom,Continuous
1430.74,Nozzle,colGrain,25,3.15,7.18,3.12,56.42,30.41,8.85,4.32,30,0,0,Top,Continuous
1314.44,Valve,colGrain,19,1.68,8.08,22.43,51.25,35.27,12.69,0.79,19,4,0,Top,Die
915.58,Blade,colGrain,26,3.51,9.02,58.33,59.9,18.48,17.8,3.82,34,0,0,Bottom,Die
1066.31,Valve,singleGrain,10,3.93,6.84,32.72,60.16,28.87,6.21,4.76,1,0,0,Bottom,Continuous
1140.32,Block,equiGrain,25,2.88,3.68,58.49,53.26,36.03,8.44,2.27,24,3,0,Bottom,Continuous
884.71,Valve,colGrain,8,4.88,8.8,25.57,55.56,25.13,14.76,4.55,1,1,0,Bottom,Continuous
1476.21,Nozzle,colGrain,24,0.71,1.2,27.03,66.91,10.47,17.8,4.82,25,0,0,Top,Investment
1461.94,Valve,equiGrain,14,2.36,3,28.99,64.83,18.18,14.68,2.31,38,0,0,Top,Die
1558.36,Blade,colGrain,18,1.24,6.27,26.5,52.9,41.27,5.04,0.79,18,0,0,Top,Continuous
1047.34,Blade,colGrain,10,1.76,7.13,25.98,60.26,20.63,15.61,3.5,0,4,0,Bottom,Die
1164.82,Valve,equiGrain,26,4.31,5.66,1.72,65.07,26.24,5.5,3.19,30,0,0,Bottom,Continuous
1015,Valve,equiGrain,10,2.65,7.43,16.96,58.47,24.52,14.18,2.83,0,0,0,Top,Die
1116.89,Blade,singleGrain,5,3.89,1.16,11.18,61.48,21.52,12.71,4.29,0,0,0,Bottom,Investment
627.72,Valve,equiGrain,26,0.74,3.87,4.69,50.07,32.83,14.61,2.49,26,0,0,Bottom,Continuous
1254.97,Block,singleGrain,29,3.88,3.33,26.82,58.32,27.12,10.18,4.38,23,0,0,Top,Die
937.01,Block,colGrain,28,1.39,9.22,56.59,59.35,21.45,17.33,1.87,27,0,0,Top,Die
1507.47,Valve,colGrain,21,4,6.52,41.97,62.48,27.18,8.31,2.03,41,0,0,Top,Continuous
1133.38,Blade,singleGrain,27,4.47,1.97,10.28,67.42,11.75,19.93,0.9,53,0,0,Top,Continuous
1507.62,Blade,colGrain,24,0.54,9.8,2.5,62.48,23.64,10.82,3.06,22,0,0,Bottom,Continuous
1342.9,Block,singleGrain,11,2.55,5.93,33.81,55.18,35.68,8.38,0.76,21,0,4,Top,Continuous
1185.66,Nozzle,singleGrain,6,3.65,1.3,4.43,62.5,21.03,13.47,3,0,0,0,Top,Die
1259.72,Block,colGrain,26,4.15,9.76,13.24,66.99,16.49,14.73,1.79,44,1,0,Top,Continuous
1262.14,Valve,colGrain,11,1.34,1.22,52.57,67.07,12.09,17.1,3.74,11,3,0,Bottom,Die
959.23,Valve,equiGrain,7,1.61,3.79,34.06,69.59,18.03,9.37,3.01,6,1,0,Top,Die
1581.79,Nozzle,singleGrain,13,1.27,10,40.34,67.15,14.05,15.19,3.61,8,0,0,Bottom,Die
1287.17,Blade,singleGrain,11,0.66,8.58,45.8,59.95,25.33,9.9,4.82,10,0,5,Bottom,Continuous
1616.8,Nozzle,singleGrain,21,1.22,1.64,25.96,62.31,17.55,19.1,1.04,21,0,0,Top,Continuous
1714.03,Block,colGrain,16,2.35,7.57,14.84,53.13,31.75,10.81,4.31,28,0,0,Top,Die
957.93,Blade,colGrain,28,3.73,1.12,3.83,57.12,23.48,18.06,1.34,40,0,0,Top,Continuous
1127.18,Blade,equiGrain,9,2.16,1.39,31.36,64.44,23.1,8.02,4.44,1,0,0,Top,Die
1101.67,Block,equiGrain,29,3.33,3.27,50.4,57.11,25.16,13.5,4.23,37,2,0,Top,Continuous
1067.72,Valve,singleGrain,29,0.8,8.73,9.89,62.66,27.87,6.43,3.04,24,0,0,Bottom,Investment
1109.88,Nozzle,equiGrain,27,2.45,9.04,19.76,69.85,10.86,15.52,3.77,32,2,0,Bottom,Die
760.88,Blade,equiGrain,8,3.96,2.97,22.76,51.95,39.71,5.06,3.28,6,2,0,Top,Investment
1174.11,Block,equiGrain,8,4.21,7.29,48.2,66.2,14.58,16.64,2.58,3,0,0,Bottom,Investment
1169.59,Blade,equiGrain,26,4.97,9.81,25.66,64.57,27.68,7.06,0.69,35,0,0,Bottom,Continuous
1691.55,Blade,singleGrain,16,2.96,1.86,3.52,55.4,23.89,17.41,3.3,29,0,0,Top,Investment
1526.39,Block,equiGrain,22,1.46,2.34,48.88,68.57,10.09,18.86,2.48,25,0,0,Bottom,Die
966.56,Valve,singleGrain,24,4.41,7.78,59.31,52.08,32.43,11.6,3.89,30,0,0,Bottom,Continuous
1507.75,Blade,colGrain,16,2.55,1.99,20.22,50.79,31.14,14.51,3.56,27,0,0,Top,Investment
1123.61,Nozzle,equiGrain,28,3.2,9.17,41.49,60.32,31.88,6.5,1.3,34,2,0,Bottom,Continuous
1746.99,Valve,equiGrain,18,0.7,3.98,17.76,68.91,8,19.64,3.45,18,3,0,Bottom,Die
961.84,Valve,colGrain,10,0.86,7.78,44.61,65.87,24.07,7.81,2.25,0,0,0,Top,Die
837.03,Valve,equiGrain,10,1.47,3.02,24.79,54.97,24.01,17.94,3.08,0,0,0,Top,Investment
1190.43,Nozzle,colGrain,24,2.32,5.5,1.98,55.26,23.97,19.93,0.84,23,3,0,Top,Investment
944.99,Blade,colGrain,7,0.96,7.61,18.13,57.99,24.69,16.3,1.02,0,0,0,Bottom,Continuous
1344.53,Block,colGrain,12,0.67,6.72,55.57,63.82,16.91,14.35,4.92,13,0,0,Top,Investment
765.24,Block,equiGrain,5,0.79,8.75,53.19,53.17,32.29,11.1,3.44,1,0,0,Bottom,Die
1098.7,Block,singleGrain,28,1.44,6.09,38.57,57.05,25.3,15.88,1.77,26,0,0,Bottom,Die
1447.7,Valve,colGrain,14,2.67,8.52,13.14,64.97,11.78,18.78,4.47,17,1,0,Top,Investment
1634.32,Block,colGrain,22,2.59,9.39,45.54,66.66,10.45,18.65,4.24,19,0,0,Bottom,Die
786.96,Block,colGrain,6,1.19,5.02,25.53,52.99,28.6,17.68,0.73,2,2,0,Bottom,Investment
997.94,Nozzle,singleGrain,28,0.99,2.36,40.86,55.35,27.04,14.15,3.46,37,0,0,Bottom,Die
625.44,Valve,colGrain,28,2.77,1.91,8.96,50.57,33.93,14.77,0.73,37,0,0,Top,Continuous
1931.21,Blade,equiGrain,16,3.94,7.49,31.27,65.8,23.16,6.84,4.2,18,0,0,Bottom,Investment
944.51,Valve,equiGrain,5,4.93,1.05,48.65,68.46,20.58,8.12,2.84,4,0,0,Top,Die
1384.38,Valve,singleGrain,11,1.56,8.6,25.82,62.18,30.9,5.5,1.42,9,0,0,Bottom,Investment
1029.81,Block,equiGrain,6,4.01,2.3,24.98,55.56,32.91,10.66,0.87,3,0,0,Top,Continuous
1353.37,Nozzle,singleGrain,15,0.74,8.88,30.29,53.09,24.11,18.82,3.98,10,0,0,Bottom,Continuous
1409.15,Nozzle,equiGrain,19,1.18,4.62,54.11,52.89,39.51,6.34,1.26,19,0,0,Top,Die
1206.72,Block,singleGrain,30,2.11,1.36,14.41,69.57,10.28,16.53,3.62,44,0,0,Top,Investment
1364.35,Blade,equiGrain,13,0.93,2.24,7.09,65.59,15.23,18.57,0.61,16,0,0,Top,Die
1185.12,Nozzle,equiGrain,6,4.4,4.36,33.22,64.2,22.99,8.16,4.65,0,4,0,Bottom,Continuous
1411.69,Blade,singleGrain,25,1.73,3.62,56.76,63.1,25.57,6.82,4.51,26,0,0,Top,Continuous
1336.56,Valve,colGrain,13,4.48,9.8,55.11,65.82,24.34,7.94,1.9,1,0,0,Top,Continuous
1242.57,Blade,colGrain,24,2.97,3.29,58.54,60.53,18.57,18.72,2.18,26,3,0,Bottom,Investment
926.65,Blade,equiGrain,28,0.7,4.03,33.39,55.25,36.41,5.82,2.52,32,0,0,Bottom,Die
1033.72,Valve,colGrain,5,1.46,6.47,27.7,64.25,28.25,5.28,2.22,3,0,0,Top,Die
1797.29,Valve,colGrain,17,1.68,1.85,17.84,59.78,16.77,18.79,4.66,20,0,0,Bottom,Continuous
1327.88,Valve,colGrain,23,2.89,6.32,54.21,67.8,11.39,16.69,4.12,25,0,0,Bottom,Investment
999.88,Blade,colGrain,8,0.51,9.13,28.44,64.13,18.7,16.16,1.01,3,4,0,Bottom,Continuous
925.17,Blade,singleGrain,10,4.7,4.66,32.64,54.25,22.62,18.87,4.26,1,0,0,Top,Investment
999.97,Blade,equiGrain,9,0.84,4.65,19.37,61.58,20.13,17.74,0.55,0,4,0,Bottom,Continuous
1715.75,Blade,colGrain,19,2.41,9.35,1.62,58.39,24.08,14.93,2.6,28,2,0,Top,Die
1608.33,Blade,singleGrain,16,4.6,3.68,41.98,52.39,27.87,16.85,2.89,18,0,0,Bottom,Die
1506.11,Nozzle,colGrain,23,3.62,9.07,21.37,56.85,24.21,16.01,2.93,22,0,0,Top,Die
1345.31,Nozzle,colGrain,24,1.39,1.62,14.55,55.47,30.31,13.2,1.02,23,0,0,Bottom,Continuous
1327.77,Blade,equiGrain,14,3.87,6.49,34.97,54.53,30.66,10.62,4.19,11,0,0,Top,Die
1111.44,Blade,equiGrain,15,4.06,7.95,25.09,50.89,30.4,16.6,2.11,18,0,0,Top,Die
932.69,Nozzle,colGrain,10,3.24,2.04,14.61,55.96,26.73,15.75,1.56,5,0,0,Top,Investment
1172.95,Nozzle,singleGrain,30,0.77,8.09,8.96,60.91,20.13,15.42,3.54,37,0,0,Top,Die
1462.37,Valve,equiGrain,25,4.94,2.68,16.19,68.17,14.68,13.96,3.19,24,0,0,Bottom,Investment
1049.89,Block,singleGrain,6,4.84,7.95,22.17,58.31,30.29,7.29,4.11,1,0,8,Bottom,Die
1435.57,Valve,colGrain,24,2.97,8.25,11.48,64.96,26.39,6.88,1.77,27,0,0,Bottom,Die
522.65,Valve,colGrain,29,2.28,2.33,39.33,50.02,42.32,6.6,1.06,35,4,0,Bottom,Continuous
909.58,Block,colGrain,5,2.52,4.45,55.77,66.63,13.29,15.11,4.97,15,4,0,Top,Investment
1565.25,Block,equiGrain,12,2.53,9.84,3.69,61.32,17.09,17.65,3.94,8,3,0,Bottom,Die
1618.53,Block,colGrain,23,1.11,3.82,13.48,67.6,22.21,5.81,4.38,23,0,0,Top,Investment
850.47,Valve,colGrain,30,3.14,2.51,26.44,56.42,23.29,18.92,1.37,37,1,0,Top,Die
1137.11,Blade,singleGrain,6,0.91,4.45,28.98,63.51,15.23,18.71,2.55,2,0,0,Bottom,Die
1187.74,Nozzle,equiGrain,29,4.78,9.75,34.29,59.78,32.55,5.83,1.84,22,0,0,Top,Continuous
1459.33,Block,colGrain,13,1.86,6.91,54.11,64.71,18.6,11.86,4.83,11,0,0,Bottom,Die
1436.08,Nozzle,singleGrain,15,1.56,2.19,40.57,69.76,6.66,19.57,4.01,12,0,3,Top,Die
1847.65,Block,equiGrain,20,4.31,2.89,14.14,57.13,23.78,18.54,0.55,16,0,0,Top,Die
1444.1,Blade,equiGrain,22,3.28,1.34,27.79,68.53,16.12,14.34,1.01,35,0,0,Top,Die
1059.85,Valve,colGrain,10,4.09,9.23,38.53,61.69,23.22,10.92,4.17,16,3,0,Top,Continuous
1299.9,Blade,equiGrain,24,0.75,2.87,7.17,58.83,21.18,18.32,1.67,14,3,0,Top,Investment
1003.12,Valve,colGrain,29,3.04,2.11,10.36,62.03,28.65,8.79,0.53,35,3,0,Bottom,Continuous
1757.21,Valve,equiGrain,19,0.5,3.28,46.93,58.54,24.68,13.43,3.35,23,0,0,Top,Continuous
1287.3,Block,colGrain,12,1.98,5.6,41.56,51.63,25.15,18.77,4.45,14,0,0,Top,Continuous
1412.62,Blade,colGrain,12,1.85,3.82,27.6,68.32,21.12,5.57,4.99,12,0,0,Top,Die
1427.19,Nozzle,colGrain,21,3.35,2.99,50.94,58.57,25.51,13.97,1.95,23,3,0,Bottom,Continuous
1194.95,Valve,singleGrain,15,1.58,7.16,4.65,55.22,31.97,10.34,2.47,28,0,0,Top,Investment
893.42,Valve,colGrain,7,2.2,1.49,2.92,63.82,16.78,18.8,0.6,0,0,0,Top,Investment
1803.39,Blade,equiGrain,18,3.39,8.76,19.45,59.98,21.96,16.95,1.11,1,0,0,Top,Investment
1760.52,Valve,equiGrain,20,4.09,4.98,17.41,57.6,23.69,17.55,1.16,23,0,0,Top,Continuous
725.91,Nozzle,colGrain,27,3.25,5.58,55.19,53.19,28.82,17.39,0.6,40,0,0,Top,Continuous
1373.52,Valve,singleGrain,13,2.86,2.31,16.22,61.75,19.4,17,1.85,7,0,3,Bottom,Investment
1912.7,Block,equiGrain,19,0.71,6.7,3.59,63.92,11.36,19.75,4.97,21,2,0,Bottom,Continuous
1497.02,Nozzle,colGrain,21,3.82,8.39,48.31,68.53,11.83,14.75,4.89,22,0,0,Top,Continuous
1610.48,Block,equiGrain,12,2.85,2.56,22.42,62.84,22.92,13.17,1.07,10,3,0,Bottom,Continuous
1459.51,Block,equiGrain,21,1.31,6.1,40.62,56.64,26.27,16.22,0.87,25,0,0,Bottom,Continuous
1621.23,Block,colGrain,25,1.01,2.76,13.51,65.74,25.52,6.29,2.45,20,0,0,Bottom,Investment
1157.04,Valve,colGrain,6,4.58,6.62,22.98,61.96,17.77,16.96,3.31,1,0,0,Bottom,Continuous
1064.06,Valve,colGrain,15,2.37,3.79,27.54,52.48,34.39,11.87,1.26,28,0,0,Top,Investment
1188.21,Block,colGrain,9,0.75,9.46,28.74,60.94,19.09,17.13,2.84,0,0,0,Top,Investment
1957.12,Block,colGrain,16,2.99,4.73,34.85,63.91,25.94,9,1.15,31,2,0,Top,Die
1317.93,Blade,equiGrain,13,4.9,5.88,37.82,54.41,23.49,17.67,4.43,7,0,0,Bottom,Die
1220.18,Nozzle,equiGrain,26,2.48,8.58,49.43,62.98,25.37,8.97,2.68,26,0,0,Bottom,Continuous
1155.42,Block,colGrain,30,1.4,7.79,26.46,58.83,19.62,19.09,2.46,25,1,0,Top,Investment
1501.76,Nozzle,equiGrain,21,0.8,1.98,49.4,61.06,24.88,10.45,3.61,23,0,0,Bottom,Die
1483.73,Valve,equiGrain,11,3.34,6.19,26.55,66.3,24.66,6.44,2.6,10,0,0,Top,Die
2085.17,Nozzle,equiGrain,19,1.99,2.5,27.11,65.08,24.65,6.79,3.48,13,0,0,Top,Continuous
997.82,Valve,colGrain,7,1.29,6.32,42.08,60.91,29.47,5.63,3.99,0,0,0,Top,Investment
1106.61,Blade,colGrain,29,2.34,7.38,39.9,61.69,29.75,6.55,2.01,34,0,0,Bottom,Die
1827.99,Valve,singleGrain,18,3.54,2.09,7.37,62.54,27.18,5.68,4.6,18,0,0,Top,Investment
1443.65,Valve,colGrain,17,2.25,6.04,7.02,53.98,27.74,13.66,4.62,28,4,0,Top,Die
1154.95,Block,equiGrain,9,1.67,9.26,11.89,67.73,16.29,12.82,3.16,16,2,0,Top,Investment
1362.92,Blade,singleGrain,14,2.37,9.59,22.06,54.81,23.56,18.47,3.16,11,0,0,Top,Die
1215.43,Valve,singleGrain,13,2.52,2.98,56.17,62.22,25.9,11.29,0.59,9,0,0,Bottom,Die
1636.15,Blade,colGrain,17,3.83,2.84,9.62,54.2,24.11,17.77,3.92,7,3,0,Top,Investment
892.03,Blade,colGrain,9,0.75,8.58,3.26,61.29,29.25,8.74,0.72,0,0,0,Bottom,Investment
1844.82,Blade,colGrain,16,2.91,3.17,16.93,61.19,24.39,13.29,1.13,15,0,0,Top,Die
1792.97,Block,singleGrain,15,3.58,5.32,38.67,66.57,13.23,17.35,2.85,17,0,0,Top,Continuous
1300.66,Nozzle,singleGrain,18,0.62,9.59,47.27,50.45,37.78,8.06,3.71,19,0,8,Bottom,Investment
1557.36,Valve,equiGrain,23,2.41,6.52,31.4,65.55,20.15,11.6,2.7,33,0,0,Top,Continuous
1123.2,Nozzle,equiGrain,5,4.73,5.9,37.82,67.5,14.59,13.18,4.73,8,0,0,Top,Die
1415.45,Valve,equiGrain,15,4.95,9,24.98,69.71,11.64,14.93,3.72,0,1,0,Top,Investment
1237.91,Nozzle,equiGrain,13,4.34,8.34,34.39,52.38,40.42,6.11,1.09,9,0,0,Bottom,Continuous
1245.08,Block,equiGrain,6,1.91,7.96,9.62,60.05,21.7,14.97,3.28,2,0,0,Bottom,Continuous
659.19,Valve,singleGrain,27,3.17,2.64,51.1,53.3,28.21,13.7,4.79,41,0,0,Top,Investment
1136.34,Valve,singleGrain,27,4.37,7.66,25.77,60.4,29.58,6.95,3.07,30,0,0,Bottom,Investment
1097.17,Nozzle,colGrain,6,3.81,3.17,41.48,59.97,22.9,15.04,2.09,2,0,0,Bottom,Investment
1028.3,Nozzle,equiGrain,8,1.52,3.37,46.92,63.6,23.5,11.5,1.4,2,1,0,Bottom,Investment
1820.69,Block,colGrain,19,4.04,8.35,58.28,66.59,25.53,6.02,1.86,20,0,0,Top,Continuous
1553.9,Blade,singleGrain,11,2.27,2.04,43.11,64.2,26.22,5.8,3.78,8,0,0,Top,Die
741.43,Blade,singleGrain,30,0.59,1.75,57.43,57.97,28.32,8.86,4.85,30,0,0,Bottom,Die
1510.98,Blade,singleGrain,14,2.54,5.79,25.35,60.95,29.96,7.73,1.36,10,0,0,Top,Die
1935.86,Blade,colGrain,20,4.57,9,38.18,65.17,21.72,9.68,3.43,15,4,0,Bottom,Die
1213.32,Block,singleGrain,11,0.67,2.89,28.16,50.29,34.69,11.3,3.72,6,0,0,Top,Investment
1001.23,Blade,equiGrain,27,2.89,8.67,7.64,56.53,27.59,12.2,3.68,48,0,0,Top,Die
1678.94,Blade,singleGrain,17,2.92,4.31,27.44,56,30.28,9.83,3.89,26,0,6,Top,Die
1197.42,Valve,singleGrain,23,0.81,8.7,2.61,56.17,26.3,16.73,0.8,25,0,0,Bottom,Continuous
1891.69,Block,colGrain,18,0.92,4.9,20.26,59.06,21.27,14.82,4.85,13,0,0,Bottom,Investment
1905.83,Nozzle,colGrain,16,3.5,4.54,28.19,62.37,19.9,16.74,0.99,14,0,0,Top,Investment
1122.8,Nozzle,colGrain,30,4.15,4.37,4.32,65.64,18.81,14.34,1.21,34,0,0,Top,Die
1016.24,Nozzle,colGrain,28,1.83,2.19,12.5,57.4,32.75,5.31,4.54,51,0,0,Top,Investment
1027.47,Blade,equiGrain,24,1.34,7.46,1.74,51.49,27.8,18.55,2.16,22,0,0,Bottom,Investment
1110.04,Valve,equiGrain,13,2.86,5.49,8.96,50.3,40.94,5.53,3.23,10,1,0,Bottom,Continuous
1182.12,Blade,equiGrain,12,0.96,5.88,2.27,54.31,34.34,7.14,4.21,12,0,0,Bottom,Investment
727.11,Block,equiGrain,5,1.04,9.22,44.93,53.26,32.29,13.11,1.34,1,3,0,Bottom,Die
1296.72,Nozzle,colGrain,23,2.6,5.18,4.47,54.28,23.23,18.91,3.58,27,4,0,Top,Die
1212.15,Blade,equiGrain,10,4.88,2.17,16.05,63.79,15.16,16.87,4.18,1,0,0,Bottom,Continuous
1626.12,Nozzle,singleGrain,14,3.29,8.64,24.42,57.9,19.49,18.64,3.97,0,0,0,Top,Continuous
1190.02,Blade,equiGrain,14,2.86,8.08,59.91,58.43,22.09,16.5,2.98,10,0,0,Bottom,Investment
1649.7,Block,equiGrain,21,3.85,8.77,46.7,67.24,16.16,14.53,2.07,32,0,0,Top,Continuous
457.96,Blade,colGrain,10,2.89,1.8,59.84,51.52,31.56,13.24,3.68,0,4,0,Top,Die
1363.78,Block,colGrain,12,1.82,5.11,54.79,67.02,13.36,18.03,1.59,10,2,0,Bottom,Investment
734.77,Blade,equiGrain,6,3.21,9.98,48.78,57.2,26.08,15.73,0.99,5,4,0,Top,Investment
2006.42,Block,equiGrain,19,3.76,5.25,37.42,69.79,20.64,7.1,2.47,16,2,0,Bottom,Continuous
1761.96,Block,equiGrain,15,4.39,4.41,16.93,60.88,29.06,5.94,4.12,9,0,0,Bottom,Continuous
1785.84,Blade,singleGrain,17,1.39,5.11,19.6,56.94,32.8,5.91,4.35,25,0,0,Top,Die
898.13,Nozzle,singleGrain,26,1.7,3.87,47.49,53.06,38.33,5.16,3.45,26,0,0,Top,Investment
748.5,Block,equiGrain,27,0.65,7.8,13.97,50.14,36.51,9.76,3.59,39,3,0,Top,Investment
1468.41,Blade,equiGrain,22,2.84,9.49,7.61,58.66,17.55,19.76,4.03,25,0,0,Bottom,Investment
1666.89,Block,equiGrain,11,4.29,8.95,35.69,62.09,17.78,16.17,3.96,8,0,0,Bottom,Investment
1228.9,Nozzle,equiGrain,23,4.14,4.03,57.32,58.16,29.09,7.77,4.98,23,1,0,Bottom,Die
1262.41,Block,singleGrain,30,0.58,1.1,36.5,63.78,22.16,11.19,2.87,33,0,0,Top,Investment
1527.23,Nozzle,singleGrain,15,4.5,5.46,22.57,60.05,34.3,5.02,0.63,21,0,0,Top,Die
1001.92,Block,colGrain,27,4.09,6.08,29.48,53.99,38.35,6.82,0.84,45,0,0,Top,Continuous
1238.35,Block,singleGrain,22,0.84,9.34,50.99,57.51,28.47,9.16,4.86,25,0,6,Bottom,Investment
1167.12,Blade,equiGrain,15,2.22,4.82,20.9,52.74,28.11,14.28,4.87,4,2,0,Top,Die
973.74,Nozzle,equiGrain,6,3.49,8.77,50.29,58.57,28.14,10.53,2.76,13,0,0,Top,Investment
845.4,Blade,singleGrain,5,4.4,1.32,51.68,55.41,30.96,9.68,3.95,1,0,0,Top,Investment
900.14,Valve,singleGrain,6,0.93,5.76,7.98,58.73,25.65,13.82,1.8,0,0,0,Top,Die
1874.68,Blade,equiGrain,18,2.97,5.76,12.39,60.34,20.53,14.78,4.35,10,3,0,Top,Die
501.5,Valve,colGrain,6,3.71,1.51,27.89,50.81,42.05,5.87,1.27,2,4,0,Bottom,Investment
1605.35,Nozzle,singleGrain,21,0.66,1.82,34.38,63.55,25.01,7.89,3.55,21,0,1,Bottom,Investment
1420.19,Nozzle,equiGrain,24,2.31,2.99,51.01,64.94,18.6,15.28,1.18,43,0,0,Top,Die
1348.2,Valve,singleGrain,12,1.18,2.73,6.19,64.2,26.7,8.4,0.7,10,0,0,Top,Die
474.54,Blade,equiGrain,5,3.54,5.1,54.15,50.76,37.63,10.93,0.68,1,0,0,Bottom,Die
1591.33,Valve,equiGrain,19,4.17,3.08,42.23,53.68,25.1,17.33,3.89,22,0,0,Bottom,Investment
1335.48,Valve,singleGrain,13,4.7,3.41,4.43,69.41,11.42,17.52,1.65,14,0,0,Top,Die
986.87,Valve,colGrain,7,1.91,1.7,14.21,62.76,17.85,17.74,1.65,0,0,0,Top,Investment
1569.68,Valve,singleGrain,20,4.73,5.49,10.1,51.35,25.08,19.68,3.89,7,0,0,Top,Die
1519.7,Nozzle,colGrain,24,1.28,4.38,7.58,62.46,16.69,19.22,1.63,25,0,0,Top,Die
1699.19,Block,singleGrain,22,3.59,5.14,51.07,63.55,22.06,10.87,3.52,23,0,0,Bottom,Die
1261.11,Blade,colGrain,21,1.31,9.24,58.18,61.2,24.56,9.47,4.77,29,1,0,Bottom,Continuous
1495.57,Block,singleGrain,21,2.4,1.2,17.37,54.58,29.84,10.79,4.79,21,0,0,Top,Continuous
1230.33,Nozzle,equiGrain,9,3.9,4.62,8.76,65.67,24.57,5.7,4.06,15,2,0,Top,Continuous
924.89,Block,colGrain,7,4.77,1.6,15.37,52.2,26.47,18,3.33,9,0,0,Top,Die
1220.72,Blade,singleGrain,28,1.88,2.23,19.95,64.05,24.63,8.02,3.3,27,0,0,Top,Investment
1063.49,Valve,singleGrain,23,2.67,8.63,58.99,53.49,31.7,11.59,3.22,16,0,0,Top,Continuous
1281.59,Valve,singleGrain,23,4.77,4.49,52.35,55.77,33.28,7.6,3.35,24,0,1,Bottom,Continuous
1110.93,Valve,equiGrain,26,1.24,9.14,18.71,62,18.95,15.58,3.47,31,3,0,Top,Continuous
867.73,Valve,equiGrain,30,0.56,2.1,55.27,65.62,11.69,19.62,3.07,31,1,0,Bottom,Die
1177.98,Block,singleGrain,29,2.12,3.17,17.77,69.62,16.96,8.69,4.73,38,0,0,Top,Die
1059.51,Valve,colGrain,5,4.81,2.89,18.06,60.29,26.9,9.49,3.32,0,4,0,Bottom,Continuous
989.57,Valve,colGrain,7,4.2,8.07,32.51,61.53,30.35,6.91,1.21,3,0,0,Top,Die
1562.6,Block,colGrain,12,2.22,4.5,33.03,68.38,16.97,13,1.65,11,0,0,Bottom,Investment
1610.93,Block,colGrain,13,4.83,7.52,28.15,58.56,26.83,11.33,3.28,19,4,0,Top,Continuous
1261.29,Nozzle,singleGrain,21,2.52,8.49,11.95,52.49,28.72,13.99,4.8,22,0,0,Bottom,Die
1088.21,Nozzle,colGrain,7,2.11,2.52,31.12,66.97,20.6,7.57,4.86,0,0,0,Top,Investment
735.03,Blade,equiGrain,29,2.05,5.24,5.36,50.9,31.87,13.72,3.51,36,4,0,Bottom,Continuous
1726.32,Blade,singleGrain,18,3.13,9.26,59.02,63.49,19.23,14.03,3.25,18,0,0,Bottom,Die
1566.39,Nozzle,equiGrain,13,4.08,2.44,8.8,58.73,30.45,8.14,2.68,10,0,0,Bottom,Continuous
954.31,Valve,singleGrain,6,1.87,1.31,51.56,59.26,22.4,15.1,3.24,2,0,0,Bottom,Continuous
1681.49,Block,singleGrain,11,1.94,9.17,33.82,67.51,11.5,18.72,2.27,0,0,0,Top,Continuous
1134.07,Valve,colGrain,24,3.73,5.5,26.12,51.96,34.15,11.35,2.54,41,0,0,Top,Investment
1118.47,Nozzle,singleGrain,24,1.9,1.74,3.84,51.35,31.94,14.97,1.74,26,0,0,Bottom,Die
1097.71,Blade,colGrain,29,2.89,2.89,33.27,58.66,26.84,9.68,4.82,29,0,0,Top,Continuous
1103.48,Nozzle,equiGrain,9,2.36,8.41,51.85,64.41,22.54,8.67,4.38,8,0,0,Top,Continuous
1038.88,Valve,singleGrain,28,4.21,1.53,9.71,66.47,15.15,15.63,2.75,32,0,2,Top,Investment
1510.62,Valve,equiGrain,18,2.2,8.1,57.05,55.88,34.43,5.55,4.14,13,0,0,Top,Continuous
1262.46,Nozzle,singleGrain,30,1.7,5.54,27.49,62.97,25.01,9.36,2.66,31,0,0,Bottom,Investment
1476.91,Valve,singleGrain,24,2.66,7.77,43.19,61.18,29.05,5.77,4,26,0,0,Bottom,Die
1085.23,Valve,equiGrain,13,0.84,3.45,42.25,54.14,30.5,14.14,1.22,10,0,0,Top,Die
1046.71,Nozzle,colGrain,15,1.2,9.51,49.49,50.96,40.5,6.03,2.51,7,2,0,Top,Die
1490.62,Valve,singleGrain,14,4.06,4.01,42.42,69.72,22.05,5.02,3.21,9,0,0,Bottom,Continuous
1173.55,Nozzle,singleGrain,6,4.14,4.8,27.1,57.5,26.15,13.15,3.2,22,0,0,Top,Continuous
1176.95,Blade,singleGrain,9,3.3,6.55,2.2,65.27,19.38,12.41,2.94,0,0,0,Bottom,Continuous
1134.38,Nozzle,colGrain,27,3.11,8.04,16.5,66.52,14.37,17.58,1.53,41,1,0,Top,Investment
622.16,Valve,colGrain,10,0.6,1.24,57.96,59.81,24.55,14.82,0.82,3,0,0,Top,Die
2010.59,Block,singleGrain,19,4.37,5.48,38.09,69.56,14.46,13.31,2.67,19,0,2,Bottom,Continuous
1182.71,Block,singleGrain,10,2.05,6.75,45.9,58.59,26.37,12.52,2.52,2,0,0,Bottom,Continuous
1287.06,Valve,equiGrain,14,4.58,4.38,44.57,55.31,30.29,10.5,3.9,10,0,0,Bottom,Die
1691.11,Valve,colGrain,17,1.61,8.49,28.56,69.2,19.84,9.15,1.81,20,0,0,Bottom,Investment
1451.65,Block,colGrain,24,4.35,6.58,54.47,68.25,21.97,7.74,2.04,23,0,0,Bottom,Die
1380.52,Blade,colGrain,11,4.42,3.59,14.93,55.9,27.14,14.68,2.28,35,0,0,Top,Continuous
1361.92,Blade,colGrain,22,2.51,6.06,25.3,53.71,22.89,19.12,4.28,26,0,0,Bottom,Continuous
1597.91,Blade,equiGrain,23,2.49,4.2,17.92,63.11,18.04,17.21,1.64,20,0,0,Top,Continuous
1661.54,Valve,equiGrain,16,3.97,6.91,58.79,62.05,22.54,11.28,4.13,16,0,0,Bottom,Continuous
1019.25,Valve,equiGrain,6,4.35,2.58,30.44,68.89,10.8,17.14,3.17,1,0,0,Bottom,Investment
1540.64,Nozzle,equiGrain,11,4.63,5.81,6.08,63.18,25.27,9.73,1.82,3,0,0,Top,Investment
1605.94,Nozzle,colGrain,21,4.24,6.32,9.46,59.53,27.86,9.17,3.44,25,0,0,Top,Die
1648.61,Blade,singleGrain,17,4.97,1.14,11.73,55.52,29.33,10.72,4.43,18,0,7,Bottom,Continuous
1957.17,Nozzle,singleGrain,16,4.82,8.01,10.98,66.93,20.92,9.69,2.46,18,0,0,Bottom,Investment
1332.61,Nozzle,equiGrain,15,3.22,6.48,52.57,56.12,26.07,13.94,3.87,10,0,0,Bottom,Die
864.6,Blade,colGrain,10,4.28,8.97,5.48,55.59,30.88,9.42,4.11,23,0,0,Top,Investment
1728.81,Valve,colGrain,18,2.51,6.01,39.53,67.36,21.03,10.49,1.12,34,4,0,Top,Continuous
1364.87,Nozzle,singleGrain,28,2.28,4.96,37.87,63.35,27.2,5.64,3.81,30,0,0,Bottom,Continuous
1356.53,Valve,colGrain,13,2.51,6.74,36.99,58.91,23.77,15.51,1.81,5,0,0,Top,Die
1090.22,Valve,singleGrain,6,4.84,3.17,31.56,65.81,20.13,11.94,2.12,1,0,0,Top,Die
1120.58,Blade,colGrain,13,2.79,8.9,58.08,56.04,34.76,6.75,2.45,13,0,0,Bottom,Die
1312.46,Blade,colGrain,19,0.83,2.63,51.65,51.27,27.76,19.55,1.42,22,3,0,Bottom,Continuous
724.13,Valve,singleGrain,27,1.49,6.9,53.62,56.76,24.71,17.62,0.91,27,0,0,Bottom,Die
1591.98,Block,colGrain,13,2.44,6.68,3.89,59.33,29.95,8.39,2.33,6,0,0,Top,Continuous
918.64,Block,equiGrain,29,3.6,5.13,59.11,69.87,20.27,8.88,0.98,30,0,0,Bottom,Continuous
962.64,Valve,colGrain,28,1.83,9.83,41.44,58.74,23.48,13.53,4.25,30,0,0,Bottom,Investment
1074.95,Block,colGrain,15,0.86,4.79,52.96,51.71,40.53,6.01,1.75,10,0,0,Bottom,Investment
1318.77,Valve,colGrain,16,3.2,7.96,54.68,52.24,36.12,7.27,4.37,26,0,0,Top,Die
1583.32,Valve,singleGrain,20,1.6,5.25,32.8,52.58,32.21,11.94,3.27,22,0,0,Top,Investment
1387.28,Nozzle,equiGrain,15,1.57,6.62,40.05,57.47,28.28,12.64,1.61,10,0,0,Bottom,Die
869.77,Blade,singleGrain,7,4.3,1.25,18.79,54.44,23.11,17.73,4.72,0,0,0,Bottom,Die
1680.79,Valve,colGrain,18,4.35,5,57.77,59.63,28.45,8.44,3.48,16,0,0,Bottom,Continuous
1447.24,Valve,equiGrain,24,2.84,4.77,50.18,68.53,17.77,10.63,3.07,20,0,0,Top,Continuous
1072.63,Blade,equiGrain,12,1.74,5.07,51.32,51.09,29,16.11,3.8,26,0,0,Top,Continuous
919.23,Nozzle,colGrain,8,0.58,1.7,42.61,57.7,22.86,17.62,1.82,5,0,0,Top,Investment
690.67,Blade,colGrain,9,4.44,9.73,32.51,51.92,30.75,16.02,1.31,7,0,0,Top,Die
1393.23,Blade,colGrain,11,1.97,4.22,6.46,57.51,21.48,19.16,1.85,10,0,0,Top,Continuous
1636.95,Block,colGrain,21,0.58,7.67,43.73,67.46,19.76,10.35,2.43,15,1,0,Top,Continuous
1338.36,Blade,equiGrain,11,2.6,5.71,55.15,68.49,8.54,19.24,3.73,6,0,0,Top,Investment
1466.1,Block,equiGrain,15,3.1,8,51.7,65.99,15.96,16.79,1.26,6,1,0,Top,Investment
1178.48,Block,equiGrain,29,3.65,1.08,23.78,57.04,34.72,6.24,2,29,0,0,Bottom,Continuous
1472.63,Block,singleGrain,12,3.44,5.03,15.14,52.97,25.09,18.81,3.13,12,0,0,Bottom,Continuous
1891.77,Nozzle,equiGrain,16,4,3.9,11.15,65.57,26,7.25,1.18,28,0,0,Top,Investment
1875.72,Nozzle,colGrain,17,1.05,9.43,17.17,66.1,13.13,16.1,4.67,19,0,0,Bottom,Investment
1203.29,Nozzle,singleGrain,25,3.11,4.09,48.53,50.23,28.03,19.1,2.64,23,0,0,Bottom,Continuous
1215.06,Block,singleGrain,26,1.9,3.46,1.09,69.14,8.85,19.25,2.76,56,0,0,Top,Continuous
1691.8,Block,singleGrain,25,4.02,5.5,17.97,61.68,25.63,11.95,0.74,23,0,0,Bottom,Continuous
1821.2,Valve,colGrain,19,1.9,5.23,21.83,61.73,17.22,18.36,2.69,16,3,0,Bottom,Investment
1100.42,Blade,equiGrain,8,4.62,9.76,23.33,57.88,27.55,11.54,3.03,3,0,0,Top,Continuous
1621.7,Block,equiGrain,21,2.56,5.41,19.02,68.49,12.68,17.37,1.46,27,0,0,Top,Die
1266.06,Nozzle,colGrain,23,0.9,5.92,18.2,53.53,37.9,6.86,1.71,17,0,0,Top,Die
1025.2,Valve,singleGrain,7,3.68,5.69,15.49,67.84,21.04,9.36,1.76,10,0,0,Top,Die
776.09,Nozzle,equiGrain,8,1.67,2.09,13.25,51.22,27.17,17.95,3.66,2,0,0,Bottom,Die
1554.55,Blade,colGrain,22,3.33,3.75,14.82,63.05,25.58,9.72,1.65,23,0,0,Bottom,Die
1538.6,Blade,colGrain,21,2.15,3.1,32.75,61.16,17.85,18.97,2.02,23,1,0,Bottom,Die
1042.37,Valve,equiGrain,28,3.42,6.3,46.79,65.68,24.23,8.93,1.16,26,0,0,Top,Continuous
1134.66,Valve,equiGrain,30,3.81,6.09,22.07,63.32,17.9,15.79,2.99,28,0,0,Bottom,Investment
1418.68,Nozzle,singleGrain,25,3.04,6.87,49.46,59.29,28.84,10.18,1.69,28,0,0,Top,Investment
993.28,Blade,equiGrain,6,4.52,5.91,48.5,68.7,16.61,9.78,4.91,0,1,0,Top,Continuous
706.54,Blade,singleGrain,5,2,4.1,55.26,52.61,28.34,16.36,2.69,0,0,0,Top,Continuous
1315.81,Valve,equiGrain,25,1.35,2.74,31.92,64.11,19.56,15.62,0.71,26,3,0,Bottom,Investment
1170.28,Nozzle,equiGrain,28,4.39,1.49,37.14,59.28,18.95,17.54,4.23,30,0,0,Bottom,Die
986.64,Valve,equiGrain,12,4.25,3.02,42.99,51.46,39.61,8.04,0.89,15,0,0,Bottom,Die
709.18,Valve,equiGrain,7,4.38,1.04,18.53,50.12,37.1,9.75,3.03,0,0,0,Top,Continuous
1408.02,Valve,colGrain,12,3.3,5.09,24.39,69.42,16.67,11.31,2.6,5,0,0,Top,Investment
1531.84,Blade,equiGrain,23,3.41,3.28,41.4,62.68,22.88,9.59,4.85,16,0,0,Top,Die
1876.56,Block,colGrain,16,2.21,2.92,27.01,56.71,32.72,9.32,1.25,4,0,0,Top,Continuous
1646.69,Nozzle,equiGrain,19,2.16,4.45,40.32,51.73,28.2,17.8,2.27,18,0,0,Bottom,Continuous
842.63,Block,singleGrain,27,1.89,6.11,5.05,50.25,39.88,6.73,3.14,26,0,0,Bottom,Die
1078.43,Valve,singleGrain,8,3,7.09,31.97,67.69,24,5.52,2.79,4,0,0,Top,Investment
1267.21,Block,equiGrain,8,3.1,3.48,18.5,64.84,13.63,18.67,2.86,2,3,0,Top,Die
1085.01,Nozzle,singleGrain,8,2.82,7.4,49.15,66.56,24.27,8.13,1.04,2,0,0,Bottom,Continuous
1628.89,Blade,colGrain,12,4.74,6.52,35.66,62.85,15.62,18.56,2.97,8,0,0,Top,Continuous
1031.55,Blade,colGrain,30,0.95,8.07,22.26,59.7,18.97,17.33,4,24,3,0,Bottom,Die
1029.78,Valve,singleGrain,9,4.14,4.37,45.07,64.32,23.38,10.37,1.93,0,0,0,Bottom,Investment
1620.68,Nozzle,equiGrain,25,3.89,7.19,23.68,61.6,16.76,16.82,4.82,8,1,0,Top,Continuous
1947.55,Block,equiGrain,18,3.72,4.73,16.79,63.04,27.81,7.95,1.2,11,4,0,Top,Investment
1552.53,Valve,singleGrain,18,4.68,9.47,41.39,54.47,29.95,13.9,1.68,21,0,0,Top,Investment
1830.29,Block,singleGrain,16,2.2,3.98,11.31,57.58,29.83,11.91,0.68,17,0,0,Bottom,Investment
968.06,Valve,singleGrain,30,3.7,1.84,3.27,66.57,12.56,16.95,3.92,33,0,5,Bottom,Investment
1799.59,Blade,equiGrain,17,1.34,8.19,27.32,69.81,19.46,7.33,3.4,16,0,0,Bottom,Investment
1487.19,Valve,singleGrain,24,1.27,5.77,29.3,69.83,20.54,6.52,3.11,22,0,0,Bottom,Continuous
794.4,Block,equiGrain,8,2.88,9.06,47.08,51.66,38.12,8.04,2.18,0,0,0,Top,Investment
1052.88,Valve,equiGrain,26,2.41,5.75,49.55,62.23,18.97,16.01,2.79,27,0,0,Bottom,Investment
471.71,Blade,singleGrain,6,2.45,8.86,55.65,51.56,28.1,19.83,0.51,2,0,0,Bottom,Die
836.33,Nozzle,equiGrain,8,3.25,2.16,6,51.19,34.3,11.25,3.26,0,0,0,Top,Continuous
627.28,Blade,singleGrain,26,4.71,5.65,50.14,50.54,30.29,17.52,1.65,45,0,0,Top,Investment
1157.65,Block,colGrain,26,1.63,9.95,51.29,64.3,25.46,6.3,3.94,35,2,0,Top,Die
1164.06,Blade,equiGrain,13,4.77,9.73,58.53,63.68,24.41,11.19,0.72,10,3,0,Bottom,Investment
679.95,Blade,equiGrain,10,0.75,8.9,22.23,51.77,39.08,6.75,2.4,1,0,0,Bottom,Investment
1074.41,Nozzle,colGrain,27,0.78,4.83,50.9,62.79,23.57,12.42,1.22,25,0,0,Top,Continuous
1173.57,Nozzle,singleGrain,27,1.8,1.48,1.07,64.92,25,8.62,1.46,14,0,0,Top,Continuous
1570.65,Blade,singleGrain,24,4.66,3.24,32.29,60.14,27.8,9.45,2.61,27,0,0,Top,Investment
1888.55,Blade,equiGrain,20,3.39,4.29,28.2,64.07,22.73,12.41,0.79,14,0,0,Bottom,Investment
1480.43,Blade,equiGrain,25,4.08,3.07,44.63,65.81,12.37,17.02,4.8,23,0,0,Bottom,Investment
1115.18,Nozzle,colGrain,29,3.48,3.98,14.61,69.7,19.02,10.2,1.08,33,0,0,Top,Continuous
1594.94,Blade,colGrain,13,3.41,8.44,18.42,63.88,25.15,7.04,3.93,10,0,0,Bottom,Die
942.6,Blade,colGrain,9,3.58,6.99,15.78,53.79,32.82,10.14,3.25,4,0,0,Bottom,Continuous
1845.48,Valve,singleGrain,20,4.35,8.7,24.48,64.17,27.01,7.62,1.2,20,0,2,Bottom,Continuous
792.71,Nozzle,colGrain,27,1.02,2.22,41.12,52.49,27.39,18.27,1.85,25,0,0,Bottom,Investment
1617.64,Block,singleGrain,21,2.82,8.03,20.02,60.99,25.57,12.93,0.51,25,0,0,Bottom,Investment
1144.51,Blade,equiGrain,14,2.91,2.28,10.14,53.36,28.63,15.93,2.08,8,4,0,Top,Investment
1407.26,Valve,colGrain,14,3.44,4.32,45,68.35,13.61,16.43,1.61,13,0,0,Bottom,Continuous
963.77,Valve,colGrain,26,1.5,6.04,7.47,59.09,20.56,15.63,4.72,12,0,0,Top,Die
1464.68,Nozzle,equiGrain,12,2.07,9.97,21.4,61.82,26.65,10.57,0.96,10,0,0,Bottom,Investment
881.85,Nozzle,colGrain,27,2.53,5.75,39.72,51.66,32.46,12.05,3.83,27,0,0,Top,Investment
669.65,Nozzle,singleGrain,28,0.65,7.06,55.38,53.05,23.87,18.46,4.62,36,0,0,Bottom,Die
1916.71,Blade,singleGrain,20,2.99,9.12,29.97,59.11,31.62,5.76,3.51,19,0,0,Top,Investment
1454.81,Blade,colGrain,16,1.07,7.82,16.84,52.62,39.8,6.01,1.57,31,0,0,Top,Die
1266.02,Valve,singleGrain,15,1.85,1.39,23.89,56.16,28.27,14.06,1.51,10,0,0,Bottom,Die
1563.56,Blade,colGrain,13,4.05,8.66,19.45,65.57,18.76,11.16,4.51,12,2,0,Bottom,Continuous
1177.94,Valve,singleGrain,13,2.52,2.14,14.86,53.52,32.9,12.84,0.74,4,0,0,Top,Continuous
1868.22,Blade,colGrain,18,3.97,3.15,43.74,69.39,12.1,16.01,2.5,17,1,0,Bottom,Continuous
824.87,Block,singleGrain,9,0.92,4,23.35,54.25,33.6,7.47,4.68,0,0,7,Top,Die
1422.41,Block,colGrain,17,0.73,8.7,57.56,53.61,38.78,6.82,0.79,25,0,0,Top,Continuous
1681.35,Valve,equiGrain,19,2.43,8.81,12.54,58.61,24.04,12.48,4.87,19,0,0,Bottom,Investment
1420.66,Blade,equiGrain,17,2.19,7.12,18.16,50.07,32.97,14.45,2.51,26,0,0,Top,Investment
1358.37,Block,singleGrain,28,1.81,4,28.95,63.15,16.42,17.32,3.11,32,0,0,Bottom,Die
1220.08,Block,equiGrain,10,2.02,4.05,35.74,68.46,18.51,9.6,3.43,2,0,0,Bottom,Investment
1425.5,Nozzle,equiGrain,14,0.86,6.69,3.31,60.98,30.68,6.4,1.94,9,0,0,Bottom,Investment
1703.03,Block,equiGrain,15,2.47,6.57,16.25,66.51,20.76,9.05,3.68,4,4,0,Top,Continuous
1053.76,Nozzle,singleGrain,21,2.97,6.83,51.72,50.11,30.61,14.66,4.62,27,0,0,Top,Investment
979.46,Valve,colGrain,26,1.7,1.86,40.08,68.56,15.12,12.21,4.11,30,4,0,Bottom,Die
1845.18,Valve,colGrain,17,1.68,4.36,12.19,63.64,17.78,15.97,2.61,25,0,0,Top,Die
1613.81,Block,colGrain,16,4.63,1.59,41.22,52.47,35.77,10.34,1.42,28,3,0,Top,Continuous
1193.27,Nozzle,colGrain,10,2.32,5.97,36.29,63.06,26.97,7.6,2.37,4,3,0,Top,Continuous
1402.67,Valve,singleGrain,11,1.39,2.91,31.47,68.17,21.16,9.62,1.05,7,0,0,Bottom,Continuous
701.01,Blade,colGrain,7,0.98,9.82,58.68,58.64,31.2,9.12,1.04,0,0,0,Top,Continuous
1892.79,Blade,singleGrain,16,4.93,4.67,35.36,58.09,30.19,8.78,2.94,15,0,0,Bottom,Die
857.97,Nozzle,equiGrain,30,3.94,9.6,14.65,50.6,30.71,14.38,4.31,25,0,0,Bottom,Continuous
1392.99,Blade,singleGrain,14,1.68,2.89,25.74,58.47,30.28,7.04,4.21,12,0,7,Bottom,Continuous
1116.07,Nozzle,singleGrain,25,3.13,8.05,1.03,53.36,28.81,14.19,3.64,25,0,8,Bottom,Investment
1576.93,Block,singleGrain,22,2.97,9.2,37.72,69.2,11.74,15.98,3.08,27,0,3,Top,Investment
1548.21,Blade,colGrain,15,4.87,5.65,39.59,60.39,25.15,10.33,4.13,2,0,0,Top,Investment
1014.85,Blade,singleGrain,6,2.04,4.27,20.65,56.36,28.84,11.44,3.36,2,0,0,Top,Die
1179.54,Nozzle,colGrain,10,3.17,9.55,14.01,59.24,29.69,7.92,3.15,0,2,0,Top,Continuous
1159.89,Block,colGrain,27,4.43,2.8,1.75,69.17,9.9,16.86,4.07,24,0,0,Bottom,Investment
1574.92,Nozzle,singleGrain,21,1.36,2.48,36.27,69.05,8.59,17.78,4.58,39,0,0,Top,Continuous
1179.26,Nozzle,colGrain,10,1.85,8.32,11.16,61.95,24.48,9.89,3.68,0,0,0,Bottom,Die
1565.87,Nozzle,equiGrain,11,2.8,8.13,43.75,62.57,27.31,7.17,2.95,22,0,0,Top,Investment
1377.16,Blade,colGrain,25,1.14,8.84,30.24,65.91,27.55,5.8,0.74,20,4,0,Bottom,Die
1647.01,Block,equiGrain,15,3.06,7.11,47.9,65.53,13.83,16.89,3.75,11,0,0,Top,Investment
1011.25,Block,singleGrain,28,0.89,9.76,2.43,67.82,24.69,6.85,0.64,18,0,2,Top,Investment
974.54,Nozzle,equiGrain,6,1.86,8.83,22.46,58,27.41,13.28,1.31,2,0,0,Bottom,Die
1823.29,Block,colGrain,19,0.68,8.82,56.01,65.22,20.95,11.15,2.68,18,3,0,Bottom,Continuous
1026.25,Valve,singleGrain,10,3.15,3.78,13.25,61.31,21.79,15.26,1.64,14,0,0,Top,Die
1090.23,Block,equiGrain,8,1.19,8.38,8.37,63.29,20.46,15.41,0.84,0,1,0,Top,Die
1925.93,Block,singleGrain,19,2.01,7.66,28.87,69.63,9.74,17.83,2.8,22,0,5,Bottom,Continuous
1254.07,Block,equiGrain,29,1.35,9.59,23.9,63.43,20.42,13.58,2.57,48,0,0,Top,Die
1737.44,Blade,colGrain,16,3.15,2.6,9.44,68.35,12.37,18.37,0.91,36,0,0,Top,Investment
1362.88,Blade,colGrain,22,1.97,4.59,21.82,55.84,28.64,13.37,2.15,24,0,0,Bottom,Investment
986.62,Valve,colGrain,8,1.35,2.51,32.08,61.3,25.77,10.52,2.41,3,0,0,Bottom,Investment
936.16,Valve,singleGrain,29,4.45,1.09,11.54,57.57,35.15,5.97,1.31,22,0,0,Bottom,Die
1267.1,Block,equiGrain,23,1.32,1.11,13.03,52.96,32.64,12.03,2.37,10,4,0,Top,Investment
1021.24,Block,equiGrain,5,1.45,1.25,52.76,65.83,22.33,7.16,4.68,3,0,0,Bottom,Investment
1419.91,Blade,singleGrain,17,2.37,3.12,38.31,50.6,32.88,15.56,0.96,37,0,0,Top,Die
1009.44,Nozzle,colGrain,29,4.67,2.27,49.33,61.87,24.31,12.86,0.96,25,3,0,Top,Die
1568.83,Nozzle,singleGrain,16,0.9,8.49,36.85,51.21,30.82,14.47,3.5,22,0,1,Bottom,Continuous
1535.98,Valve,colGrain,19,4.34,9.89,59.17,67.91,22.46,5.95,3.68,15,4,0,Bottom,Die
1402.47,Nozzle,singleGrain,25,2.3,7.29,51.47,68.83,11.42,15.02,4.73,23,0,0,Bottom,Die
422.03,Block,singleGrain,30,2.67,9.1,59.55,51.79,30.48,16.81,0.92,31,0,8,Bottom,Die
1748.33,Block,equiGrain,21,4.92,6.17,39.68,65.84,22.65,8.16,3.35,16,0,0,Top,Die
930.21,Block,equiGrain,5,4.15,6.26,14.84,53.43,36.5,8.72,1.35,3,0,0,Bottom,Continuous
1090.83,Valve,equiGrain,29,2.75,7.99,4.35,68.01,14.21,15.13,2.65,20,0,0,Top,Continuous
808.29,Nozzle,equiGrain,10,2.52,7.84,37.5,51.58,40.36,5.88,2.18,6,0,0,Top,Continuous
2055.29,Nozzle,singleGrain,16,4.28,2.77,29.03,61.28,28.64,7.49,2.59,18,0,0,Bottom,Continuous
1578.92,Blade,singleGrain,21,4.59,9.63,27.62,59.68,29.81,6.44,4.07,20,0,0,Top,Investment
1164.88,Block,singleGrain,27,0.61,8.94,30.29,63.32,26.78,7.51,2.39,46,0,4,Top,Die
875.05,Blade,colGrain,9,2.78,3.95,25.56,56.27,36.18,6.99,0.56,1,0,0,Bottom,Investment
1092.11,Nozzle,colGrain,13,4.99,1.4,48.81,50.92,41.07,5.98,2.03,10,2,0,Bottom,Continuous
882.84,Block,colGrain,5,4.1,3.77,58.87,69.67,20.14,7.19,3,2,3,0,Bottom,Investment
1401.4,Nozzle,singleGrain,15,2.2,2.98,32.3,53.06,36.54,6.5,3.9,11,0,0,Top,Continuous
910.1,Valve,singleGrain,26,2.32,4.55,19.93,54.17,28.45,12.92,4.46,20,0,0,Bottom,Die
1614.14,Valve,colGrain,20,4.28,7.68,50.2,57.25,26.58,13.13,3.04,58,0,0,Top,Investment
1480.11,Block,equiGrain,13,2.1,4.9,38.01,69.54,20.97,8.64,0.85,8,0,0,Bottom,Die
1294.37,Nozzle,equiGrain,11,3.25,7.87,9.31,55.11,24.06,15.93,4.9,6,0,0,Top,Die
1608.53,Block,equiGrain,23,2.02,9.25,43.84,63.19,30.41,5.68,0.72,24,0,0,Bottom,Continuous
1197.25,Nozzle,colGrain,30,4.84,9.69,7.76,66.12,19.93,12.41,1.54,20,0,0,Top,Continuous
1186.48,Block,colGrain,12,2.99,3.68,51.21,53.01,28.86,16.67,1.46,9,0,0,Bottom,Die
914.87,Nozzle,colGrain,26,2.07,1.8,33.96,52.15,36.64,7.98,3.23,24,3,0,Bottom,Continuous
1243.64,Nozzle,singleGrain,10,3.7,9.83,13.63,66.54,10.2,18.74,4.52,0,0,0,Bottom,Continuous
1603.27,Block,singleGrain,23,2.42,9.8,53.18,62.54,23.54,10.46,3.46,28,0,0,Bottom,Die
1693.5,Blade,colGrain,16,0.75,6.58,19.52,55.37,31.57,8.6,4.46,31,0,0,Top,Continuous
1892.07,Block,colGrain,16,4.87,5.42,36.83,58.08,17.43,19.72,4.77,41,3,0,Top,Continuous
929.85,Nozzle,colGrain,8,1.79,2.03,54.15,62.33,17.45,15.34,4.88,1,0,0,Bottom,Die
1850.75,Blade,singleGrain,20,1.47,7.03,44.74,66,27.26,6.16,0.58,20,0,0,Bottom,Continuous
1077.04,Nozzle,colGrain,8,2.64,2.87,36.33,60.2,21.59,13.38,4.83,0,2,0,Top,Die
1447.51,Blade,equiGrain,25,0.56,4.24,41.95,64.5,21.12,12.41,1.97,31,0,0,Top,Investment
1591.88,Blade,equiGrain,16,4.4,8.05,13.57,51.93,30.94,13.14,3.99,14,2,0,Bottom,Continuous
1064.36,Blade,equiGrain,10,1.19,7.74,15.27,66.86,25.07,5.15,2.92,0,3,0,Top,Die
1064.88,Nozzle,equiGrain,29,2.1,6.65,30.47,57.71,25.89,11.99,4.41,43,0,0,Top,Investment
1577.93,Nozzle,singleGrain,15,4.04,7.74,26.1,62.52,17.73,18.59,1.16,10,0,0,Bottom,Die
1424.24,Blade,equiGrain,14,0.57,7.39,23.45,60.11,24.38,10.94,4.57,9,0,0,Bottom,Investment
927.47,Valve,singleGrain,26,0.61,6.54,32.95,68.62,21.67,8.03,1.68,30,0,1,Bottom,Investment
893.6,Valve,equiGrain,27,4.87,4.74,46.23,55.29,27.95,13.22,3.54,30,0,0,Bottom,Die
1438.18,Valve,equiGrain,23,2.74,4.23,30.83,59.31,23.33,12.78,4.58,21,0,0,Bottom,Die
801.04,Blade,equiGrain,9,1.1,1.88,28.28,53.55,29.89,12.73,3.83,0,2,0,Bottom,Investment
1581.86,Nozzle,equiGrain,11,3.11,8.14,40.64,66.96,13.95,15.07,4.02,12,0,0,Top,Die
779.75,Nozzle,colGrain,7,1.05,6.06,25.11,54.18,39.36,5.8,0.66,8,4,0,Top,Continuous
819.33,Valve,equiGrain,7,4.55,9.47,51.8,58.45,32.95,6.29,2.31,0,0,0,Bottom,Investment
823.35,Valve,singleGrain,30,3.36,1.07,35.85,55.5,28.81,13.09,2.6,30,0,4,Bottom,Investment
1349.01,Block,colGrain,24,3.82,2.73,25.73,52.84,29.44,15.53,2.19,22,0,0,Bottom,Investment
1212.31,Nozzle,equiGrain,29,4.83,5.26,28.09,60.89,29.98,7.72,1.41,36,0,0,Top,Continuous
1587.34,Block,colGrain,25,0.69,3.42,11.69,69.61,9.37,17.73,3.29,21,2,0,Top,Continuous
1019.7,Nozzle,equiGrain,7,4.41,9.3,19.03,67.21,23.21,8.89,0.69,10,2,0,Top,Investment
1371.79,Valve,equiGrain,11,0.93,1.14,43.3,62.7,24.91,7.76,4.63,0,0,0,Top,Die
1670.51,Valve,colGrain,16,2.95,7.71,50.96,68.77,11.29,17.77,2.17,17,2,0,Bottom,Continuous
1523.04,Nozzle,equiGrain,20,1.56,3.95,48.51,52.37,40.55,5.34,1.74,19,3,0,Bottom,Continuous
1239.8,Block,singleGrain,15,2.86,7.39,5.47,51.07,28.92,15.55,4.46,11,0,0,Top,Investment
1095.19,Block,equiGrain,5,4.74,5.49,36.14,56.78,21.92,19.07,2.23,0,0,0,Bottom,Investment
1135.97,Block,equiGrain,25,1.59,4.72,59.01,55.72,29.21,13.73,1.34,22,0,0,Top,Investment
1334.72,Blade,singleGrain,22,2.21,2.62,18.69,59.47,30.53,9.31,0.69,16,0,6,Top,Die
1542.4,Blade,singleGrain,13,3.03,5.83,26.19,64.91,25.06,8.97,1.06,14,0,0,Bottom,Die
1842.96,Nozzle,singleGrain,19,2.82,6.83,19.71,55.22,25.4,16.06,3.32,17,0,0,Bottom,Die
969.72,Nozzle,singleGrain,7,4.07,9.93,9.07,57.19,21.94,19.87,1,0,0,0,Bottom,Die
943.39,Valve,equiGrain,26,3.47,3.56,18.78,58.43,34.31,6.68,0.58,32,1,0,Bottom,Investment
2104.35,Block,colGrain,17,3.52,4.97,16.63,63.5,26.66,7.02,2.82,5,0,0,Top,Investment
820.29,Blade,singleGrain,9,0.99,1.24,47.92,55.48,24.29,17.5,2.73,9,0,0,Top,Investment
1166.33,Nozzle,singleGrain,29,0.58,6.24,18.01,63.29,28.39,7.52,0.8,35,0,0,Top,Continuous
736.96,Nozzle,colGrain,29,1.83,4.38,21.22,50.92,39.01,9.03,1.04,13,0,0,Top,Investment
768.97,Valve,singleGrain,26,2.67,8.94,52.31,55.46,23.25,19.5,1.79,26,0,0,Bottom,Die
1865.87,Valve,colGrain,16,3.31,9.45,47.2,62.83,26.6,7.55,3.02,18,0,0,Bottom,Continuous
1090.15,Blade,equiGrain,26,4.08,9.72,19.53,57.09,24.4,14.94,3.57,12,0,0,Top,Investment
959.65,Block,colGrain,27,1.7,9.27,53.28,69.22,11.35,18.42,1.01,31,0,0,Bottom,Die
1217.63,Valve,singleGrain,12,2.19,1.37,21.32,53.12,27.84,14.63,4.41,15,0,0,Top,Continuous
1434.51,Valve,equiGrain,11,3.2,8.27,33.86,59.06,26.71,11.26,2.97,9,3,0,Bottom,Continuous
1007.69,Block,equiGrain,10,4.72,3.66,18.82,57.12,34.76,7.6,0.52,10,3,0,Top,Die
880.55,Block,colGrain,8,2.87,6.24,12.26,55.82,35.94,7.42,0.82,19,4,0,Top,Investment
1570.94,Valve,singleGrain,16,3.44,6.77,28.37,53.01,33.96,8.65,4.38,19,0,0,Bottom,Die
1255.84,Nozzle,singleGrain,5,3,3.9,18.91,66.22,17.69,12.55,3.54,1,0,0,Top,Investment
2014.16,Block,singleGrain,19,0.94,3.82,35.09,60.84,27.11,7.62,4.43,18,0,0,Bottom,Die
855.35,Blade,equiGrain,27,0.98,7.48,30.44,52.15,32.55,11.25,4.05,34,0,0,Bottom,Continuous
979.86,Blade,colGrain,7,1.57,2.11,9.98,67.21,25.71,6.17,0.91,1,0,0,Bottom,Die
1470.49,Valve,equiGrain,16,1.02,5.81,11.7,52.94,38.26,7.62,1.18,18,0,0,Bottom,Continuous
932.69,Blade,singleGrain,28,0.58,5.99,21.25,55.33,20.74,19.24,4.69,27,0,0,Bottom,Die
993.34,Valve,colGrain,27,0.71,1.73,23.2,65.95,17.73,15.16,1.16,30,0,0,Bottom,Die
1499.31,Blade,equiGrain,24,1.55,2.77,15.49,68.29,16.67,12.07,2.97,24,0,0,Bottom,Investment
811.14,Valve,equiGrain,9,0.56,6.23,21.74,57.25,34.84,6.91,1,0,3,0,Top,Continuous
981.37,Valve,singleGrain,10,1.85,5.83,3.88,67.83,23.72,6.23,2.22,0,0,0,Top,Investment
1461.71,Valve,colGrain,21,3.68,1.65,5.53,66.9,20.36,10.34,2.4,30,0,0,Top,Die
1115.65,Blade,singleGrain,5,4.76,2.5,38.92,59.68,21.47,15.05,3.8,0,0,0,Bottom,Die
2058.76,Block,singleGrain,17,2.72,6.75,18.82,65.74,18.52,12.62,3.12,52,0,0,Top,Investment
1387.76,Valve,colGrain,12,4.08,2,11.27,64.09,15.06,16.06,4.79,10,3,0,Bottom,Die
1865.55,Valve,colGrain,16,4.15,4.56,42.23,66.87,13.05,15.55,4.53,25,0,0,Bottom,Continuous
871.91,Valve,singleGrain,6,0.75,2.09,34.89,59.89,20.57,18.63,0.91,9,0,0,Top,Investment
1435.27,Nozzle,singleGrain,24,4.04,4.5,53.73,60.67,26.09,8.45,4.79,23,0,0,Bottom,Die
1582.53,Valve,colGrain,19,0.6,5.96,59.03,63.79,24.65,7.53,4.03,18,1,0,Bottom,Investment
1147.45,Blade,singleGrain,27,1.6,9.69,13.01,68.17,10.48,17.38,3.97,29,0,0,Top,Die
1835.26,Block,colGrain,19,1.71,6.48,57.59,63.31,23.52,9.43,3.74,19,1,0,Bottom,Die
1630.98,Nozzle,singleGrain,20,0.54,4,8.54,51.63,38.22,5.98,4.17,40,0,0,Top,Continuous
1005.74,Blade,singleGrain,27,4.21,6.43,16.92,56.04,26.27,15.68,2.01,21,0,0,Top,Investment
1078.5,Valve,equiGrain,28,2.7,5.09,45.41,64.2,16.03,16.1,3.67,32,2,0,Bottom,Investment
1775.1,Block,singleGrain,21,1.28,5.64,17.39,63.05,14.2,18.31,4.44,25,0,0,Top,Continuous
1154.42,Nozzle,colGrain,30,3.07,2.63,5.01,62.51,27.9,8.67,0.92,35,0,0,Top,Continuous
1611.76,Valve,equiGrain,16,4.13,7.09,28.33,55.06,35.68,6.29,2.97,23,2,0,Bottom,Die
1839.63,Block,colGrain,17,1.38,3.49,32.79,56.97,32.95,5.35,4.73,17,0,0,Bottom,Die
1738.08,Valve,colGrain,16,2.87,9.4,45.95,64.95,20.09,13.98,0.98,18,2,0,Bottom,Continuous
1100.61,Valve,equiGrain,25,3.1,2.89,18.22,51.77,29.57,16.44,2.22,21,0,0,Top,Investment
2062.63,Block,equiGrain,20,4.27,7.05,25.29,61.44,26.25,10.13,2.18,20,3,0,Bottom,Continuous
1558.3,Nozzle,singleGrain,13,2.88,3.02,33.04,61.74,15.33,18.81,4.12,9,0,5,Bottom,Die
1343.28,Block,equiGrain,5,2.77,7.56,19.08,65.59,14.52,16.25,3.64,0,0,0,Top,Continuous
856.74,Blade,colGrain,28,2.35,7.6,16.62,53.79,25.79,15.69,4.73,21,0,0,Top,Die
1280.91,Valve,colGrain,22,0.78,9.69,53.2,60.57,25.54,10.49,3.4,33,0,0,Top,Investment
850,Valve,colGrain,5,2.25,4.32,45.52,59.13,20.69,19.07,1.11,0,0,0,Top,Investment
1313.83,Blade,singleGrain,12,4.2,6.97,13.62,54.75,34.05,10.34,0.86,7,0,0,Bottom,Continuous
1215.96,Nozzle,singleGrain,5,1.77,4.84,36.28,66.97,20.41,9.09,3.53,0,0,0,Top,Investment
1296.65,Nozzle,singleGrain,24,3.7,9.83,34.9,52.63,31.96,14.2,1.21,25,0,0,Top,Continuous
1419.99,Valve,singleGrain,18,1.48,2.01,33.89,50.06,32.48,12.64,4.82,6,0,0,Top,Continuous
1294.01,Block,colGrain,29,4.51,7.99,40.51,65.52,18.24,12.04,4.2,41,0,0,Top,Die
1211.69,Block,singleGrain,30,3.01,3.43,20.29,58.56,30.48,7.92,3.04,41,0,5,Bottom,Continuous
888.34,Nozzle,colGrain,29,2.14,6.56,7.27,54.8,26.36,17.18,1.66,28,0,0,Bottom,Investment
1379.03,Blade,singleGrain,11,1.72,1.1,49.79,65.06,20.32,10.78,3.84,8,0,3,Bottom,Investment
1512.38,Valve,equiGrain,17,2.7,7.88,57.14,59.97,19.88,18.81,1.34,16,0,0,Top,Die
1503.38,Valve,singleGrain,21,4.9,5.75,17.53,60.62,30.48,6.82,2.08,25,0,0,Bottom,Investment
1603.39,Blade,singleGrain,16,4.54,3.07,50.74,54.16,29.46,12.08,4.3,14,0,0,Top,Die
1731.19,Block,equiGrain,21,4.92,4.2,33.21,60.41,16.01,19.55,4.03,20,0,0,Bottom,Die
1388.75,Valve,colGrain,15,1.79,9.54,16.37,59.8,27.63,10.18,2.39,12,0,0,Bottom,Die
1453.02,Valve,singleGrain,13,2.39,7.24,44.94,64.4,17.97,13.24,4.39,17,0,0,Top,Die
1133.8,Valve,singleGrain,29,4.6,3.69,29.17,59.47,28.85,8.15,3.53,26,0,0,Bottom,Investment
1379.62,Block,singleGrain,25,2.2,6.54,15.86,51.87,32.1,13.42,2.61,26,0,0,Bottom,Continuous
601.71,Valve,colGrain,28,2.51,4.51,48.73,51.03,31.95,13.39,3.63,28,3,0,Bottom,Investment
1733.8,Block,singleGrain,25,1.71,8,25.47,64.86,15.86,14.6,4.68,0,0,0,Top,Continuous
1005.98,Block,colGrain,27,3.91,9.62,54.94,69.33,19.12,6.86,4.69,31,0,0,Bottom,Die
1656.09,Nozzle,singleGrain,23,2.09,1.12,35.67,66.81,12.37,17.66,3.16,27,0,0,Top,Die
1658.56,Block,equiGrain,22,4.74,4.14,45.35,69.28,20.18,6.53,4.01,35,0,0,Top,Continuous
1563.58,Nozzle,equiGrain,15,1.09,5.44,29.88,66.5,12.11,19.31,2.08,6,0,0,Top,Die
981.56,Nozzle,singleGrain,30,3.28,1.86,30.76,56.37,19.74,19.51,4.38,23,0,5,Top,Die
1381,Valve,equiGrain,24,1.88,9.56,31.68,69.43,13.75,13.89,2.93,28,0,0,Bottom,Investment
1072.22,Nozzle,equiGrain,7,4.64,4.05,3.07,67.6,12.38,18.18,1.84,1,0,0,Top,Die
1284.48,Block,colGrain,28,1.64,8.23,22.34,64.9,19.93,11.68,3.49,28,2,0,Bottom,Die
1797.18,Valve,equiGrain,19,2.19,3.9,26.94,59.81,16.62,18.95,4.62,18,0,0,Bottom,Investment
1263.79,Valve,singleGrain,12,4.83,7.12,54.67,67.04,23.07,8.51,1.38,12,0,0,Bottom,Die
1746.04,Blade,equiGrain,16,0.8,9.84,40.85,62.21,30.41,6.51,0.87,23,0,0,Bottom,Die
1387.62,Valve,singleGrain,21,3.29,1.32,4.02,60.69,16.82,17.57,4.92,23,0,0,Top,Die
1018.92,Valve,equiGrain,7,4,4.84,22.93,65.63,17.24,16.44,0.69,0,0,0,Bottom,Die
1536.86,Block,singleGrain,23,1.75,2.3,2.82,66.66,21.08,9.25,3.01,15,0,6,Top,Die
2008.99,Block,equiGrain,20,4.12,6.19,46.49,59.26,27.48,9.31,3.95,31,0,0,Top,Continuous
1287.88,Valve,equiGrain,17,2.1,1.69,55.46,51.88,35.87,7.82,4.43,8,0,0,Top,Die
1550.59,Valve,singleGrain,19,3.33,5.78,14.36,52.49,35.69,9.28,2.54,14,0,4,Top,Continuous
1673.56,Valve,equiGrain,18,1.31,6.91,7.69,60.72,29.79,8.26,1.23,25,0,0,Top,Investment
1398.42,Valve,singleGrain,13,4.15,1.39,21.24,68.85,20.8,7.18,3.17,9,0,6,Top,Continuous
1410.92,Valve,colGrain,20,1.92,4.56,1.81,52.73,37.8,8.06,1.41,18,0,0,Bottom,Die
1391.78,Block,colGrain,12,1,7.16,7.02,55.32,32.63,8.06,3.99,10,0,0,Bottom,Die
1526.75,Nozzle,equiGrain,22,4.45,1.08,4.76,65.06,14.07,16.06,4.81,28,0,0,Top,Investment
1221.5,Block,singleGrain,29,4.64,7.71,12.1,61.62,25,12.03,1.35,32,0,0,Bottom,Investment
1119.77,Nozzle,equiGrain,26,2.74,4.45,36.46,67.94,18.23,12.92,0.91,29,1,0,Top,Die
843.03,Blade,colGrain,5,4.91,3.74,39.01,53.75,27.19,14.71,4.35,6,0,0,Top,Die
1354.92,Valve,colGrain,21,4.05,1.98,19.31,56.81,32.67,6.23,4.29,22,2,0,Bottom,Die
1091.95,Nozzle,colGrain,29,3.01,2.42,20,68.73,13.03,16.69,1.55,36,0,0,Top,Investment
1808.95,Blade,colGrain,20,4.92,1.69,2.76,65.98,21.92,10.52,1.58,13,0,0,Top,Investment
1521.82,Blade,equiGrain,12,1.82,8.25,32.49,68.93,8.85,18.38,3.84,0,2,0,Top,Continuous
1450.39,Blade,equiGrain,11,1.45,4.98,35.11,64.67,22.46,12.11,0.76,0,0,0,Top,Investment
1174.27,Nozzle,colGrain,28,4.07,8.76,43.58,65.22,20.69,9.47,4.62,22,0,0,Top,Investment
1732.59,Block,singleGrain,23,2.26,5.53,33.7,64.48,15.63,18.24,1.65,30,0,0,Top,Continuous
1046.26,Block,colGrain,9,1.14,3,1.06,69.14,12.07,15.69,3.1,13,1,0,Top,Die
1136.37,Block,singleGrain,14,2.72,6.65,57.5,52.24,40.64,5.45,1.67,9,0,0,Top,Continuous
1379.18,Blade,singleGrain,24,1.84,4.79,1.9,56.79,31.7,7.75,3.76,31,0,0,Top,Investment
1928.61,Valve,singleGrain,17,4.62,4.29,28.64,64.16,20.53,12.37,2.94,16,0,3,Bottom,Continuous
1138.01,Valve,equiGrain,8,1.75,7.09,20.98,64.08,17.13,15.34,3.45,2,0,0,Top,Continuous
941.56,Valve,colGrain,29,3.62,9.72,3.2,66.87,21.12,10.49,1.52,49,0,0,Top,Die
742.92,Valve,equiGrain,30,1.56,3.87,59.82,69.18,9.11,18.57,3.14,33,0,0,Top,Investment
608.67,Blade,singleGrain,7,1.87,7.29,58.91,56.45,35.12,7.84,0.59,2,0,0,Bottom,Die
750.43,Blade,equiGrain,10,1.12,8.73,49.56,54.47,31.01,9.89,4.63,1,1,0,Bottom,Continuous
837.34,Nozzle,colGrain,29,3.44,7.09,18.88,51.05,32.66,12.46,3.83,30,1,0,Bottom,Die
1224.9,Block,singleGrain,29,2.57,7.07,30.3,67.71,8.27,19.1,4.92,19,0,0,Top,Investment
1044.34,Valve,equiGrain,15,1.49,9.57,7.12,53.59,34.15,11.7,0.56,11,0,0,Bottom,Die
1104.94,Valve,colGrain,30,3.59,3.11,34.23,61.25,20.3,16.01,2.44,27,0,0,Bottom,Die
1236.69,Blade,singleGrain,15,3.97,6,13.55,53.75,30.2,15.22,0.83,12,0,0,Bottom,Die
1925.03,Nozzle,singleGrain,16,2.76,5.91,47.26,67.12,11.82,18.7,2.36,17,0,0,Bottom,Die
1181.7,Valve,colGrain,12,1.74,4,54.46,59.21,30.37,9.87,0.55,26,0,0,Top,Continuous
754.37,Blade,singleGrain,10,0.73,7.68,55.99,69.35,11.86,17.2,1.59,1,0,0,Bottom,Investment
1142.03,Blade,equiGrain,29,1.97,3.59,18.48,68.08,17.35,13.17,1.4,16,0,0,Top,Continuous
1062.37,Valve,singleGrain,26,0.68,8.34,4.65,63.86,26.78,5.52,3.84,29,0,0,Top,Investment
979.66,Nozzle,singleGrain,29,1.44,6.19,4.89,55.27,35.48,5.67,3.58,33,0,0,Bottom,Investment
1097.43,Block,equiGrain,28,1.45,6.14,41.58,59.21,29.98,9.82,0.99,25,0,0,Top,Die
1705.83,Valve,singleGrain,19,1.68,8.09,4.79,55.77,32.98,8.44,2.81,8,0,0,Top,Continuous
951.8,Valve,colGrain,7,3.01,8.33,7.76,66.1,22.18,6.77,4.95,0,0,0,Bottom,Die
1230.1,Block,equiGrain,24,2.96,5.22,51.34,52.33,32.75,13.57,1.35,26,0,0,Bottom,Continuous
1695.1,Blade,singleGrain,17,2.94,1.66,25.47,52.96,32.05,11.39,3.6,41,0,0,Top,Continuous
2134.53,Block,singleGrain,19,3.04,5.23,27.83,62.38,16.4,17.36,3.86,18,0,0,Bottom,Investment
980.79,Nozzle,singleGrain,6,1.61,9.03,12.28,55.28,21.49,19.93,3.3,1,0,0,Top,Die
1410.13,Nozzle,singleGrain,14,1.31,4.68,54.64,66.29,13.11,16.6,4,11,0,1,Bottom,Die
1011.4,Blade,colGrain,6,4.84,4.79,19.64,67.11,13.59,18.34,0.96,0,3,0,Bottom,Die
1435.66,Valve,colGrain,23,2.88,3.14,30.52,60.61,31.9,5.76,1.73,30,4,0,Top,Continuous
1324.45,Blade,colGrain,12,3.16,5.42,27.09,53.7,27.2,16.91,2.19,9,0,0,Bottom,Continuous
1738.69,Block,colGrain,23,3.92,2,30.86,65.6,18.8,12.31,3.29,29,0,0,Top,Die
1718.52,Valve,singleGrain,16,4.45,9.29,1.04,58.64,18.35,19.9,3.11,21,0,0,Bottom,Die
1761.77,Blade,equiGrain,19,1.36,1.71,10.93,58.91,24.7,15.36,1.03,40,0,0,Top,Continuous
917.76,Valve,singleGrain,29,2.44,6.77,34.82,58.24,22.81,13.96,4.99,32,0,0,Bottom,Investment
1838.91,Nozzle,colGrain,18,2.13,9.45,11.9,61.64,25.58,11.81,0.97,29,0,0,Top,Investment
1436.51,Valve,colGrain,12,3.37,6.95,24.95,67.32,18.48,11.25,2.95,11,3,0,Bottom,Die
1392.31,Valve,singleGrain,24,3.63,1.12,52.7,63.84,26,7.4,2.76,28,0,0,Top,Investment
1526.94,Valve,singleGrain,11,2.42,4.59,12.04,59.61,28.25,9.23,2.91,0,0,0,Top,Continuous
1803.92,Block,singleGrain,17,1.09,1.3,5.18,69.95,14.67,10.52,4.86,26,0,2,Bottom,Continuous
1077.88,Blade,colGrain,10,1.01,1.53,8.84,67.23,13.15,16.58,3.04,0,0,0,Top,Die
1576.97,Nozzle,equiGrain,25,4.75,3.28,5.71,68.06,22.74,5.16,4.04,22,0,0,Bottom,Die
975.02,Nozzle,colGrain,27,2.7,2.51,51.79,62.91,30.08,6.17,0.84,30,3,0,Top,Investment
586.93,Blade,colGrain,30,2.96,8.34,59.19,53.37,32.22,9.68,4.73,29,2,0,Bottom,Continuous
1647.77,Nozzle,equiGrain,18,0.99,5.99,58.97,69.49,18.21,8.59,3.71,8,0,0,Top,Die
1692.69,Block,colGrain,23,2.01,5.02,35.45,61.58,29.56,5.83,3.03,23,0,0,Bottom,Investment
1552.7,Nozzle,colGrain,22,4.23,7.18,23.08,58.85,24.94,14.9,1.31,21,0,0,Bottom,Continuous
1430.14,Blade,colGrain,15,1.86,4.87,49.57,65.03,13.74,16.6,4.63,8,2,0,Bottom,Die
1650.78,Block,equiGrain,17,4.44,7.99,14.7,51.66,37.87,6.07,4.4,24,4,0,Top,Continuous
1206.53,Nozzle,colGrain,21,2.39,9.05,19.73,50.75,35.72,11.05,2.48,20,1,0,Bottom,Die
1361.52,Valve,singleGrain,12,4.49,9.02,38.86,60.84,28.14,10.04,0.98,16,0,0,Top,Investment
1012.92,Block,equiGrain,27,4.11,3.95,56.76,58.7,34.38,5.05,1.87,28,0,0,Bottom,Die
838.36,Nozzle,equiGrain,27,2.89,2.71,46.71,53.92,30.23,13.58,2.27,26,3,0,Top,Investment
1224.47,Nozzle,colGrain,10,1.05,3.3,35.04,62.36,23.71,9.43,4.5,0,0,0,Top,Continuous
2019.86,Block,equiGrain,17,2.32,4.68,49.71,63.78,26.65,6.25,3.32,16,0,0,Bottom,Die
950.86,Block,equiGrain,29,4.43,1.52,46.33,51.76,34.49,9.98,3.77,30,0,0,Bottom,Continuous
966.07,Blade,singleGrain,6,4.8,2.84,48.33,66.8,25.52,7,0.68,1,0,0,Bottom,Investment
1285.83,Valve,singleGrain,11,4.91,9.11,52.67,60.66,22.73,14.56,2.05,10,0,0,Bottom,Investment
661.85,Valve,singleGrain,5,2.3,2.57,34.19,50.19,33.93,12.71,3.17,0,0,0,Top,Die
1673.13,Block,singleGrain,25,2.05,5.43,2.42,66.82,23.92,6.2,3.06,15,0,1,Top,Continuous
1132.28,Blade,singleGrain,8,1.08,8.14,13.31,63.35,16.25,16.36,4.04,0,0,2,Bottom,Continuous
509.03,Valve,singleGrain,28,3.74,8.13,54.7,50.03,38.86,8.17,2.94,30,0,3,Bottom,Continuous
1703.64,Block,equiGrain,19,4.23,8.11,57.63,68.92,15.54,13.98,1.56,11,1,0,Top,Die
1505.59,Blade,colGrain,23,1.28,6.71,18.01,65.55,17.86,16.08,0.51,23,0,0,Bottom,Continuous
1273.11,Blade,singleGrain,11,4.75,8,45.94,56.85,22.18,18.33,2.64,9,0,4,Bottom,Die
1820.63,Valve,equiGrain,16,3.96,5.56,40.41,68.7,18.24,9.86,3.2,16,0,0,Top,Die
1625.37,Valve,singleGrain,17,3.02,5.63,56.77,65.08,14.27,19.73,0.92,17,0,0,Bottom,Die
1684.06,Valve,equiGrain,20,1.71,3.19,48.27,65.15,13.62,19.29,1.94,21,4,0,Bottom,Investment
2074.95,Nozzle,singleGrain,19,2.8,4.7,35.49,64.17,16.44,15.38,4.01,21,0,2,Top,Continuous
1727.13,Blade,colGrain,19,4.04,6.36,7.9,56.61,22.67,16.29,4.43,21,0,0,Bottom,Investment
1259.53,Blade,equiGrain,13,1.88,2.54,41.63,55.88,21.24,18.17,4.71,9,0,0,Top,Investment
1053.43,Block,singleGrain,26,3.67,5.13,45.17,52.28,35.96,7.5,4.26,10,0,0,Top,Continuous
881.7,Blade,colGrain,5,4.01,2.44,30.29,69.77,10.84,14.49,4.9,1,4,0,Bottom,Investment
744.13,Valve,singleGrain,10,2.4,8.38,59.31,59.37,27.91,10.2,2.52,1,0,0,Bottom,Die
1042.18,Nozzle,singleGrain,10,3.19,6.16,12.41,61.42,25.7,10.39,2.49,0,0,8,Bottom,Die
1068.09,Block,equiGrain,9,3.8,1.98,19.6,53.28,27,16.24,3.48,0,0,0,Top,Continuous
1820.4,Nozzle,equiGrain,20,1.13,6.78,41.34,58.24,27.26,10.51,3.99,13,2,0,Top,Investment
958.91,Valve,singleGrain,9,4.68,5.66,15.64,56.38,28.28,12.65,2.69,0,0,0,Bottom,Die
1454.77,Valve,colGrain,13,3.91,5.9,49.99,68.01,21.5,6.74,3.75,10,0,0,Bottom,Continuous
1125.48,Blade,singleGrain,10,2.71,7.8,39.74,60.79,14.6,19.83,4.78,0,0,0,Top,Continuous
1100.98,Blade,colGrain,29,4.7,3.48,9.81,62.67,22.59,13.5,1.24,37,0,0,Bottom,Die
1775.2,Block,singleGrain,22,2.15,4.96,44.35,66.28,13.33,16.82,3.57,27,0,0,Bottom,Continuous
1252.98,Blade,singleGrain,10,4.2,6.75,22.64,63.66,25.44,7.93,2.97,2,0,0,Top,Continuous
1317.07,Valve,singleGrain,11,0.81,2.21,19.28,68.29,15.89,10.85,4.97,10,0,0,Bottom,Investment
1554.1,Nozzle,equiGrain,15,1.49,2.02,26.95,65.31,15.45,17.3,1.94,10,0,0,Bottom,Die
1864.46,Valve,colGrain,19,2.94,6.77,31.29,64.77,23.33,7.33,4.57,33,0,0,Top,Die
1102.96,Blade,singleGrain,25,4.74,1.85,50.6,53.29,25.99,19.57,1.15,27,0,0,Top,Die
926.57,Valve,equiGrain,6,3.55,1.14,32.98,57.59,30.45,7.5,4.46,0,0,0,Bottom,Investment
1685.4,Blade,colGrain,19,3.77,4.73,48.35,55.62,24.14,15.85,4.39,12,0,0,Top,Investment
1633.03,Nozzle,colGrain,22,3.17,5.2,4.23,62,27.55,8.26,2.19,35,0,0,Top,Continuous
1127.67,Valve,singleGrain,24,1.26,8.31,1.03,53.5,28.22,13.63,4.65,20,0,0,Top,Continuous
1062.59,Nozzle,equiGrain,7,1.76,7.77,31.27,57.39,28.98,11.12,2.51,14,0,0,Top,Continuous
731.21,Block,colGrain,10,1.7,2.25,20.15,50.43,39.43,8.06,2.08,0,2,0,Top,Investment
1003.61,Blade,singleGrain,8,1.08,8.19,42.2,61.7,28.07,5.47,4.76,4,0,3,Top,Continuous
783.8,Nozzle,equiGrain,6,0.98,2.04,46,52.99,31.62,10.79,4.6,1,0,0,Bottom,Continuous
1424.5,Blade,colGrain,23,3.11,7.51,16.09,60.31,25.1,13.47,1.12,27,1,0,Bottom,Investment
1333.32,Blade,singleGrain,24,4.76,2.44,7.61,54.32,32.93,8.64,4.11,24,0,0,Bottom,Die
2052.58,Block,singleGrain,19,4.53,3.53,27.59,69.85,11.62,16.24,2.29,7,0,0,Top,Continuous
1887.57,Block,colGrain,20,1.12,4.27,41.9,67.6,14.43,17.06,0.91,18,1,0,Bottom,Die
1440.21,Blade,equiGrain,25,0.77,9.42,15.85,68.91,13.19,14.86,3.04,25,0,0,Bottom,Investment
1442.15,Valve,equiGrain,19,4.09,8.38,8.77,51.71,27.98,18.12,2.19,27,0,0,Top,Die
1226.22,Block,equiGrain,7,3.07,6.44,27.99,66.01,18.42,13.62,1.95,0,0,0,Bottom,Investment
1076.86,Nozzle,colGrain,29,2.47,3.15,44.64,56.54,24.2,16.77,2.49,30,0,0,Bottom,Continuous
939.37,Blade,equiGrain,29,2.02,3.38,26.11,56.53,28.86,13.78,0.83,25,0,0,Top,Die
1461.31,Blade,colGrain,25,1,7.49,46.07,63.2,22.89,11.47,2.44,21,0,0,Bottom,Die
1529.6,Blade,singleGrain,21,2.25,9.77,5.44,68.56,20.77,7.69,2.98,14,0,1,Top,Continuous
1504.14,Nozzle,colGrain,13,4.63,3.89,17.79,57.34,24.85,15.33,2.48,6,0,0,Top,Die
1362.02,Blade,colGrain,22,4.5,3.17,27.77,56.51,37.44,5.03,1.02,23,0,0,Bottom,Investment
1390.26,Valve,singleGrain,20,2.45,9.9,57.96,54.82,35.13,7.03,3.02,17,0,1,Top,Investment
962.1,Valve,equiGrain,30,4.92,4.75,53.12,68.31,16.68,11.2,3.81,32,4,0,Bottom,Continuous
1586.62,Nozzle,equiGrain,18,2.51,4.95,52.09,54.05,30.73,12.93,2.29,18,4,0,Top,Continuous
1332.14,Valve,colGrain,13,4.41,8.75,1.56,58.56,23.35,14.42,3.67,19,0,0,Top,Die
1072.36,Valve,colGrain,13,1.94,5.6,56.17,56.58,29.2,12.49,1.73,4,0,0,Top,Investment
1288.65,Valve,equiGrain,15,3.68,3.11,56.77,61.11,23.41,12.65,2.83,0,2,0,Top,Die
1198.34,Block,colGrain,8,4.73,1.37,35.11,66.39,19.78,9.08,4.75,0,1,0,Top,Die
1676.43,Nozzle,equiGrain,18,1.64,3.84,25.34,53.94,35.9,7.89,2.27,19,0,0,Bottom,Investment
1882.01,Nozzle,colGrain,20,1.51,6.1,16.21,61.85,21.3,12.38,4.47,12,4,0,Top,Investment
1629.3,Blade,equiGrain,24,4,1.88,37.26,65.5,13.68,17.48,3.34,23,1,0,Bottom,Continuous
1900.75,Nozzle,equiGrain,18,3.31,1.53,21.09,62.68,26.97,9.65,0.7,17,0,0,Bottom,Investment
1176.16,Nozzle,colGrain,28,1.03,8.77,42.29,61.61,28.36,6.77,3.26,28,0,0,Bottom,Die
820.43,Blade,equiGrain,28,0.59,4.09,52.67,57.31,27.16,10.77,4.76,40,0,0,Bottom,Die
490.78,Valve,singleGrain,7,2.09,9.23,51.75,50.38,28.85,17.89,2.88,0,0,0,Bottom,Investment
923.03,Blade,singleGrain,27,4.52,4.11,42.59,54.42,32.21,11.67,1.7,20,0,0,Top,Die
785.38,Block,singleGrain,7,1.89,2.77,33.5,51.84,41.19,5.75,1.22,5,0,0,Bottom,Investment
1113.92,Nozzle,equiGrain,7,4.95,7.05,43.33,63.55,16.47,17.34,2.64,2,4,0,Bottom,Die
1246.89,Blade,singleGrain,29,2.45,4.97,32.8,67.68,22.72,6.7,2.9,43,0,0,Top,Continuous
1098.2,Nozzle,singleGrain,5,3.42,1.66,3.73,57.95,28.33,10.47,3.25,0,0,0,Top,Die
1245.68,Nozzle,singleGrain,27,1.76,2.15,29.37,65.24,14.76,16.91,3.09,51,0,0,Top,Investment
1757.15,Blade,singleGrain,18,2.46,8.6,15.28,55.92,26.49,13.26,4.33,17,0,0,Top,Investment
1600.91,Valve,equiGrain,19,4.84,3.05,59.12,60.14,28.72,9.35,1.79,13,0,0,Bottom,Continuous
1124.9,Blade,singleGrain,28,1.19,8.84,31.72,67.34,12.16,19.23,1.27,35,0,0,Top,Continuous
1966.77,Block,equiGrain,18,2.06,3.75,34.11,61.5,23.83,12.78,1.89,19,2,0,Bottom,Investment
1170.81,Block,equiGrain,6,3.65,6.52,29,60.49,31.23,6.87,1.41,0,0,0,Top,Die
850.71,Blade,singleGrain,28,3.6,1.07,34.98,53.97,24.17,19.75,2.11,32,0,5,Top,Continuous
1154.56,Blade,equiGrain,9,1.88,2.74,13.98,64.59,23.36,8.33,3.72,0,0,0,Bottom,Die
1036.26,Valve,colGrain,5,0.79,9.73,21.15,62.04,28.44,5.88,3.64,0,3,0,Bottom,Continuous
1417.17,Valve,singleGrain,12,1.8,1.66,11.88,61.3,30.62,7.48,0.6,10,0,0,Bottom,Continuous
1087.13,Valve,singleGrain,10,4.61,6.44,18.82,62.13,20.44,15.09,2.34,1,0,0,Bottom,Investment
856.3,Valve,singleGrain,24,1.17,7.94,52.9,51.8,26.81,19.89,1.5,28,0,4,Bottom,Continuous
2072.68,Block,equiGrain,18,3.37,1.39,27.01,66.04,12.29,17.29,4.38,13,0,0,Top,Die
1830.33,Block,colGrain,18,4.51,3.53,39.29,56.06,35.15,6.03,2.76,14,4,0,Bottom,Investment
1651.79,Nozzle,singleGrain,11,1.61,2.34,35.93,65.96,12.58,18.06,3.4,26,0,0,Top,Continuous
1744.41,Nozzle,singleGrain,16,3.45,9.82,48.9,54.6,22.96,19.41,3.03,13,0,0,Bottom,Continuous
1027.08,Valve,singleGrain,12,1.27,8.38,40.19,50.46,28.26,18.41,2.87,13,0,0,Top,Die
1670.29,Block,colGrain,21,1.29,8.91,16.02,67.06,13.72,16.4,2.82,26,0,0,Top,Die
1653.65,Block,singleGrain,23,2.4,3.1,31.8,65.2,19.69,14.29,0.82,23,0,2,Bottom,Continuous
1209.15,Nozzle,colGrain,11,0.81,9.98,14.95,52.82,25.14,18.09,3.95,9,1,0,Bottom,Die
1185.39,Blade,equiGrain,24,3.72,5.64,49.51,53.59,36.58,5.15,4.68,21,0,0,Bottom,Die
1370.83,Block,equiGrain,14,3.87,1.18,34.46,55.25,27.04,17.13,0.58,5,0,0,Top,Investment
956.25,Blade,equiGrain,10,1.3,9.54,34.82,67.53,11.93,15.84,4.7,4,4,0,Bottom,Die
1597.96,Blade,equiGrain,22,1.17,9.42,20.65,65.22,19.68,11.9,3.2,61,0,0,Top,Continuous
1163.15,Nozzle,equiGrain,21,4.53,6.95,3.72,52.57,41.21,5.65,0.57,22,0,0,Bottom,Investment
1593.82,Nozzle,colGrain,23,4.76,5.09,19.34,63.7,16.37,19.09,0.84,14,0,0,Top,Die
786.94,Valve,equiGrain,28,1.08,6.08,57.48,58.91,32.15,5.37,3.57,36,0,0,Bottom,Investment
922.67,Valve,equiGrain,5,2.51,4.06,29.36,60.43,26.65,11.47,1.45,1,4,0,Top,Die
1554.22,Block,equiGrain,17,2.33,6.31,51.49,52.15,28.84,14.91,4.1,19,0,0,Bottom,Investment
1983.47,Nozzle,singleGrain,19,3.01,4.07,36.45,59.04,24.87,13.47,2.62,18,0,0,Top,Die
1163.49,Nozzle,singleGrain,30,1.96,5.09,13.31,57.53,30.02,10.23,2.22,31,0,0,Bottom,Continuous
1036.92,Nozzle,singleGrain,10,1.62,7.7,7.39,67.71,19.45,12.28,0.56,0,0,0,Bottom,Die
604.96,Nozzle,colGrain,10,2.65,1.77,58.53,54.75,28.69,15.53,1.03,13,0,0,Top,Die
977.69,Valve,singleGrain,29,2.12,5.83,2.59,57.82,20.71,18.09,3.38,26,0,0,Top,Investment
1147.58,Blade,equiGrain,5,3.66,5.85,13.5,67.36,16.32,13.35,2.97,1,0,0,Bottom,Die
1237.07,Block,equiGrain,5,2.16,5.3,29.9,59.68,30.63,7.41,2.28,0,0,0,Top,Continuous
1564.96,Blade,singleGrain,15,2.2,4.77,5.73,61.35,25.93,8.82,3.9,5,0,0,Bottom,Die
1507.74,Block,equiGrain,25,3.43,1.67,57.36,62,21.09,13.93,2.98,51,0,0,Top,Continuous
1119.27,Nozzle,singleGrain,11,1.3,4.76,53.68,52.11,27.47,16.59,3.83,10,0,0,Bottom,Die
1273.67,Block,singleGrain,10,3.57,5.04,22.17,59.67,30.12,7.01,3.2,2,0,0,Bottom,Investment
1625.18,Block,colGrain,11,4.84,5.03,5.82,69.38,18.65,9.31,2.66,10,0,0,Bottom,Continuous
714.79,Blade,colGrain,27,3.23,6.19,9.37,50.7,35.3,11.58,2.42,21,3,0,Top,Die
1878.8,Blade,singleGrain,16,3.34,6.04,28.48,59.47,27.52,9.54,3.47,4,0,5,Top,Continuous
1403.21,Blade,singleGrain,25,2.85,7.43,38.16,56.67,25.42,13.37,4.54,24,0,0,Bottom,Die
1618.65,Nozzle,equiGrain,11,2.75,2.24,37.5,67.63,14.54,14.95,2.88,24,0,0,Top,Continuous
1039.94,Nozzle,singleGrain,5,2.03,9.04,50.55,65.83,24.1,5.41,4.66,5,0,0,Top,Die
1423.84,Nozzle,singleGrain,22,4.73,3.29,55.22,58.44,25.27,14.8,1.49,14,0,0,Top,Continuous
1069.28,Blade,singleGrain,5,4.26,3.87,8.79,61.57,27.88,9.07,1.48,0,0,0,Top,Investment
1447.73,Nozzle,equiGrain,11,1.16,8.78,18.3,67.48,21.85,8.99,1.68,3,1,0,Top,Investment
875.22,Block,singleGrain,7,0.74,4.45,46.02,52,26.67,18.31,3.02,15,0,0,Top,Continuous
1499.01,Valve,equiGrain,18,2.9,5.89,40.41,50.76,32.13,14.96,2.15,8,0,0,Top,Continuous
1581.82,Block,colGrain,13,4.55,1.36,48.14,63.6,18.42,15.7,2.28,9,0,0,Top,Investment
1341.22,Blade,colGrain,21,4.7,5.61,11.64,55.01,30.18,12.67,2.14,38,0,0,Top,Investment
1798.99,Blade,colGrain,19,4.38,6.22,27.95,57.16,20.47,19.77,2.6,16,2,0,Top,Die
890.6,Valve,equiGrain,29,2.16,8.47,21.48,56.78,26.4,14.83,1.99,24,0,0,Top,Investment
1448.52,Valve,singleGrain,22,1.23,5.53,35.15,67.66,20.89,9.57,1.88,22,0,0,Top,Investment
1707.75,Block,colGrain,23,2.66,9.92,22.66,62.77,23.34,10.1,3.79,22,0,0,Bottom,Investment
941.85,Block,equiGrain,5,2.32,8.77,44.34,56.05,26.74,15.3,1.91,11,0,0,Top,Investment
1050.55,Nozzle,colGrain,8,1.06,8.56,6.91,61.21,23.43,14.55,0.81,0,0,0,Bottom,Continuous
936.29,Nozzle,equiGrain,9,2.08,9.27,7.83,53.91,23.76,18.29,4.04,3,0,0,Top,Continuous
1449.8,Valve,singleGrain,21,3.88,7.09,2.39,62.09,21.93,15.09,0.89,23,0,0,Bottom,Continuous
1752.69,Valve,equiGrain,17,2.92,9.3,19.5,61.78,21.62,15.26,1.34,19,1,0,Bottom,Investment
873.93,Blade,equiGrain,27,4.78,6.06,57.6,66.21,16.24,16.49,1.06,31,0,0,Bottom,Investment
1249.67,Block,colGrain,5,4.63,7.5,3.87,66.65,13.84,15.52,3.99,1,1,0,Bottom,Continuous
1192.63,Nozzle,singleGrain,5,3.72,6.47,22.95,65.83,21.59,8.74,3.84,0,0,1,Top,Investment
1593.45,Nozzle,equiGrain,18,2.42,3.34,31.13,51.92,30.21,15.01,2.86,19,3,0,Bottom,Investment
1697.24,Nozzle,equiGrain,14,4.42,4.73,32.3,62.23,27.81,5.64,4.32,10,0,0,Bottom,Continuous
1457.37,Nozzle,equiGrain,25,4.76,6.64,7.08,60.02,23.63,15.44,0.91,21,0,0,Bottom,Die
1307.47,Valve,singleGrain,13,2.52,5.76,41.83,67.47,11.5,16.08,4.95,9,0,3,Bottom,Investment
417.99,Valve,singleGrain,7,4.9,9.12,24.27,50.05,43.65,5.34,0.96,1,0,7,Bottom,Die
1786.15,Blade,equiGrain,16,1.43,7.27,36.12,69.88,9.76,15.62,4.74,5,0,0,Top,Continuous
1897.25,Block,equiGrain,16,4.7,1.37,41,67.78,17.83,12.63,1.76,25,2,0,Top,Die
767.71,Nozzle,colGrain,5,4.97,4.02,35.67,50.74,39.27,6.37,3.62,2,2,0,Top,Investment
1073.59,Block,colGrain,30,1.36,1.85,19.43,56,27.2,12.66,4.14,34,0,0,Top,Die
1023.49,Nozzle,equiGrain,29,0.78,7.39,48.33,60.16,23.77,14,2.07,31,0,0,Bottom,Die
1523.53,Block,singleGrain,13,3.64,4.36,3.1,56.11,31.42,10.32,2.15,7,0,0,Bottom,Continuous
1087.93,Block,equiGrain,23,2.26,2.2,54.65,52.05,34.76,10.99,2.2,21,3,0,Top,Die
1397.04,Nozzle,singleGrain,22,2.16,5.25,18.12,54.97,34.83,5.38,4.82,19,0,0,Bottom,Die
1469.09,Blade,colGrain,22,1.24,4.05,1.95,61.8,20.42,13.37,4.41,24,0,0,Bottom,Investment
1583.01,Nozzle,singleGrain,21,3.21,8.05,51.8,63.9,25.67,6.67,3.76,17,0,0,Top,Investment
1346.53,Blade,equiGrain,17,1.22,3.16,20.33,50.32,32.06,16.7,0.92,23,0,0,Bottom,Investment
1164.34,Nozzle,equiGrain,13,4.78,9.45,15.78,50.2,26.09,19.68,4.03,11,0,0,Bottom,Investment
751.92,Valve,singleGrain,28,4.17,7.67,16.48,56.86,29.78,12.68,0.68,38,0,7,Top,Die
881.93,Valve,colGrain,26,3.55,6.09,58.2,66.43,15.47,15.65,2.45,30,3,0,Bottom,Continuous
1605.56,Block,equiGrain,21,4.84,2.36,29.31,69.15,9.59,19.06,2.2,40,0,0,Top,Die
1511.51,Nozzle,equiGrain,14,3.9,5.21,53.6,64.04,17.19,14.61,4.16,10,0,0,Top,Die
1112.37,Blade,colGrain,21,1.63,8.62,17.73,52.57,36.67,10.14,0.62,21,0,0,Bottom,Investment
1210.2,Valve,equiGrain,12,1.8,6.45,2.86,58.63,27.82,12.73,0.82,18,0,0,Top,Die
1671.24,Block,equiGrain,12,4.13,1.99,30.45,67.12,8.99,19.15,4.74,7,0,0,Top,Continuous
1183.49,Block,singleGrain,8,2.78,8.16,50.19,67.12,9.88,19.61,3.39,8,0,0,Top,Die
1312.32,Blade,colGrain,12,3.68,5.38,39.33,53.16,34.47,8.07,4.3,10,0,0,Bottom,Continuous
1199.64,Nozzle,equiGrain,25,1.58,4.36,57.37,54.89,26.27,14.44,4.4,18,0,0,Bottom,Continuous
1162.87,Block,colGrain,13,2.48,6.93,51.1,51.41,35.86,10.95,1.78,14,0,0,Top,Continuous
1561.5,Nozzle,equiGrain,25,1.37,4.93,33.05,61.02,24.68,10.04,4.26,25,0,0,Bottom,Investment
1683.58,Block,colGrain,21,2.27,9.24,23.15,67.71,20.05,9.42,2.82,24,4,0,Bottom,Continuous
1248.48,Block,colGrain,9,2.34,5.75,14.57,61.45,28.76,6.87,2.92,19,0,0,Top,Die
1203.87,Blade,equiGrain,24,2.52,2.44,36.01,55.25,32.08,11.92,0.75,23,3,0,Bottom,Die
901.94,Nozzle,singleGrain,5,1.36,4.33,56.16,57.17,21.81,18.52,2.5,0,0,0,Bottom,Continuous
2004.42,Blade,colGrain,18,3.53,9.21,25.67,64.74,19,13.43,2.83,32,0,0,Top,Continuous
1184.72,Valve,colGrain,26,4.07,8.42,6.74,62.99,19.04,14.12,3.85,36,0,0,Top,Continuous
1050.27,Valve,colGrain,28,4.56,2.03,32.84,61.42,16.65,17.28,4.65,40,0,0,Top,Investment
1644.44,Nozzle,equiGrain,13,2.81,7.94,11.51,64.66,17.91,14.11,3.32,0,1,0,Top,Die
1403.74,Valve,equiGrain,14,4.61,6.16,38.23,58.22,18.79,19.19,3.8,6,1,0,Top,Die
1655.37,Block,singleGrain,12,3.58,9.01,15.12,57.73,25.21,13.85,3.21,17,0,0,Top,Continuous
1047.01,Block,colGrain,28,1.88,4,45.3,55.92,23.91,15.32,4.85,37,0,0,Top,Continuous
1396.56,Block,singleGrain,30,1.54,3.19,25.74,62.77,13.46,19.73,4.04,24,0,0,Top,Continuous
1158.57,Block,equiGrain,7,4.04,8.07,2.42,67.5,16.03,14.99,1.48,0,0,0,Bottom,Continuous
1380.74,Nozzle,colGrain,24,2.29,4.75,55.52,58.28,31.81,6.65,3.26,22,0,0,Top,Die
1126.02,Blade,colGrain,7,1.8,5.71,51.47,64.41,15.22,16.52,3.85,0,0,0,Top,Continuous
1789.42,Blade,singleGrain,18,2.48,5.31,23.66,63.81,17.57,13.76,4.86,20,0,6,Bottom,Die
1185.44,Block,colGrain,9,2.26,8.32,30.81,64.67,19.43,14,1.9,0,1,0,Bottom,Investment
1698.03,Block,equiGrain,12,4.01,2.89,27.99,59.24,30.14,7.42,3.2,9,0,0,Bottom,Continuous
781.06,Valve,equiGrain,6,3.38,6.08,4.38,54.57,30.17,12.68,2.58,2,0,0,Top,Die
825,Blade,equiGrain,29,1.33,2.41,55.21,69.73,12.82,13.23,4.22,18,2,0,Top,Investment
1508.6,Nozzle,singleGrain,25,1.97,5.31,20.72,59.64,20.42,18.5,1.44,24,0,0,Bottom,Investment
961.22,Block,singleGrain,26,3.87,1.63,52.04,55.12,20.86,19.36,4.66,30,0,0,Bottom,Die
746.51,Valve,singleGrain,30,2.96,7.27,33.88,54.41,27.4,16.3,1.89,26,0,4,Bottom,Investment
1238.58,Block,equiGrain,5,1.82,2.44,27.57,63.84,24.7,8.02,3.44,0,3,0,Top,Die
1476.37,Nozzle,equiGrain,21,3.6,6.12,15.96,67.73,16.21,15.19,0.87,31,2,0,Top,Investment
1098.31,Nozzle,colGrain,10,1.98,8.81,32.76,60.79,17.1,18.15,3.96,0,4,0,Bottom,Investment
1419.44,Blade,colGrain,13,0.81,7.16,35.5,62.17,23.46,13.25,1.12,2,0,0,Top,Die
1171.29,Nozzle,colGrain,30,3.12,2.72,33.14,61,18.44,18.44,2.12,31,0,0,Bottom,Investment
1343.34,Block,singleGrain,14,1.5,4.06,12.73,52.19,37.4,6.24,4.17,12,0,0,Bottom,Die
1231.67,Block,singleGrain,8,0.62,1.03,33.07,62.6,13.99,19.15,4.26,0,0,0,Top,Investment
1312.03,Block,singleGrain,27,0.53,4.38,5.83,63.63,12.62,19.39,4.36,35,0,0,Bottom,Continuous
1425.1,Nozzle,equiGrain,22,1.52,2.91,1.57,67.83,22.35,8.31,1.51,29,0,0,Top,Die
985.01,Nozzle,equiGrain,7,1.1,1.79,31.55,55.92,22.66,17.82,3.6,2,4,0,Bottom,Continuous
2133.08,Block,singleGrain,16,4.25,7.1,22,61.55,23.98,10.48,3.99,22,0,0,Top,Continuous
1487.86,Valve,colGrain,25,4.4,3.95,30.72,62.17,25.59,10.97,1.27,33,0,0,Top,Continuous
1526.02,Block,equiGrain,24,3.67,1.97,42.45,57.85,34.12,6.81,1.22,24,0,0,Bottom,Continuous
987.31,Valve,colGrain,13,0.86,5.31,45.58,51.64,28.72,15.07,4.57,10,0,0,Bottom,Investment
925.53,Nozzle,equiGrain,6,1.3,7.45,54.78,68.27,15.84,11.61,4.28,12,0,0,Top,Die
980.86,Nozzle,colGrain,27,2.65,6.15,51.3,66.82,14.39,18.27,0.52,29,3,0,Top,Die
1589.38,Nozzle,singleGrain,15,2.83,3.41,53.23,64.76,16.24,16.27,2.73,13,0,0,Top,Continuous
1238.39,Nozzle,colGrain,9,1.83,4.01,36.26,65.72,11.84,19.99,2.45,1,0,0,Top,Continuous
659.15,Valve,singleGrain,8,3.92,4.49,11.51,50.57,34.17,12.32,2.94,17,0,0,Top,Investment
1541.23,Valve,singleGrain,20,4.28,1.32,24.15,51.22,30.26,14.35,4.17,21,0,0,Bottom,Die
827.91,Nozzle,singleGrain,6,1.82,1.47,21.46,52.61,30.95,12.52,3.92,3,0,4,Bottom,Continuous
1523.71,Block,singleGrain,21,3.12,1.56,2.84,57.98,23.56,15.19,3.27,26,0,6,Bottom,Continuous
1098.63,Valve,singleGrain,29,4,9.91,14.77,69.09,10.77,15.67,4.47,29,0,0,Bottom,Continuous
1041.86,Nozzle,singleGrain,27,4.25,6.17,40.33,54.56,22.43,19.39,3.62,38,0,0,Top,Die
1146.08,Nozzle,singleGrain,12,3.14,9.06,12.48,51.74,40.61,6.83,0.82,22,0,1,Top,Continuous
1139.44,Nozzle,singleGrain,8,1.92,7.75,24.05,57.15,24.18,15.4,3.27,3,0,0,Top,Continuous
1329.41,Blade,singleGrain,18,4.89,5.22,8.65,51.2,34.85,12.4,1.55,30,0,8,Top,Die
1953.43,Blade,equiGrain,20,4.22,8.92,17.03,62.8,28.46,7.08,1.66,20,1,0,Bottom,Continuous
1111.81,Blade,singleGrain,25,3.42,7.41,40.83,53.9,30.73,14.13,1.24,36,0,4,Top,Investment
1624.95,Valve,equiGrain,18,0.96,3.38,21.94,56.21,36.87,5.16,1.76,13,0,0,Bottom,Die
1100.29,Blade,singleGrain,25,3.29,8.2,56.55,55.09,24.9,19.29,0.72,44,0,0,Top,Continuous
1749.52,Nozzle,equiGrain,17,3.23,1.58,48.11,58.2,25.08,15.3,1.42,15,0,0,Top,Die
1796.78,Block,equiGrain,17,3.21,7.73,41.65,55.85,34.41,5.24,4.5,19,0,0,Bottom,Investment
1731.93,Block,equiGrain,20,1.63,4.2,5.87,55.91,29.32,14.21,0.56,17,4,0,Bottom,Continuous
1712.53,Nozzle,singleGrain,20,3.22,6.68,6.41,55.56,31.49,12.2,0.75,12,0,0,Bottom,Die
1339.79,Block,colGrain,22,4.07,3.66,7.6,53.01,36.43,8.36,2.2,47,0,0,Top,Die
1964.45,Block,singleGrain,17,3.93,7.01,37.19,61.47,32.02,5.92,0.59,20,0,0,Bottom,Die
1398.5,Block,equiGrain,12,1.27,7.89,38.17,53.64,30.15,13.26,2.95,7,0,0,Bottom,Continuous
1870.19,Blade,colGrain,20,3.39,7.77,5.63,63.56,23.72,8.77,3.95,23,4,0,Bottom,Investment
1588.79,Blade,equiGrain,15,4.07,6.89,40.55,65.63,23.08,8.07,3.22,1,0,0,Top,Die
1315.18,Valve,singleGrain,19,0.98,6.45,57.65,56.4,26.45,16.07,1.08,18,0,6,Bottom,Continuous
1486.98,Block,colGrain,22,3.08,2.71,6.37,59.61,28.64,10.69,1.06,26,4,0,Top,Die
922.44,Valve,colGrain,26,1,4.68,10.49,68.13,18.9,12.2,0.77,49,0,0,Top,Die
1093.54,Valve,singleGrain,15,4.87,6.21,27.24,54.51,32.39,12.38,0.72,8,0,4,Bottom,Investment
1994.66,Block,colGrain,17,1.63,5.68,45.92,69.11,20.63,6.74,3.52,16,0,0,Bottom,Continuous
958.06,Block,equiGrain,30,3.77,6.06,58.31,58.14,30.93,7.5,3.43,29,0,0,Bottom,Investment
1136.8,Blade,equiGrain,22,4.31,1.26,48.83,50.95,36.47,9.88,2.7,27,1,0,Bottom,Continuous
1576.4,Nozzle,singleGrain,11,1.71,9.92,7.36,61.72,28.24,6.8,3.24,10,0,0,Bottom,Die
1161.73,Nozzle,colGrain,14,1.09,6.98,24.26,50.93,35.78,9.15,4.14,10,0,0,Bottom,Die
584.17,Block,equiGrain,28,1.57,6.65,59.83,52.66,33.32,12.22,1.8,20,2,0,Top,Investment
1703.91,Block,singleGrain,15,4.68,5.22,37.22,60.48,17.38,19.03,3.11,24,0,0,Top,Die
1264.9,Blade,singleGrain,14,4.77,5.57,49.05,55.86,27.67,11.53,4.94,11,0,0,Bottom,Die
1227.83,Blade,singleGrain,26,4.76,9.21,23.07,64.37,27.31,7.24,1.08,24,0,0,Top,Continuous
1217.5,Block,singleGrain,5,1.91,8.55,34.76,68.11,20.73,7.15,4.01,0,0,0,Bottom,Investment
742.05,Block,singleGrain,10,0.67,7.99,46.21,51.25,32.12,12.23,4.4,1,0,0,Bottom,Investment
1448.26,Nozzle,equiGrain,17,3.12,7.61,59.87,54.09,33.2,9.31,3.4,16,1,0,Bottom,Investment
1099.1,Valve,colGrain,23,4.48,2.39,17.72,50.32,31.92,13.01,4.75,11,0,0,Top,Continuous
1086.82,Valve,colGrain,10,3.52,2.29,40.1,66.75,12.08,17.89,3.28,9,3,0,Top,Continuous
